[elsc], 0, aries_test.tscn, start
[pos], 33, 256.0, 512.0, 0.0
[pos], 50, 262.332092285156, 512.0, 0.0
[pos], 66, 268.636505126953, 512.0, 0.0
[pos], 83, 280.146423339844, 512.0, 0.0
[pos], 99, 286.617797851563, 512.0, 0.0
[pos], 116, 292.710754394531, 512.0, 0.0
[pos], 133, 304.434112548828, 512.0, 0.0
[pos], 150, 310.346252441406, 512.0, 0.0
[pos], 166, 317.496704101563, 512.0, 0.0
[pos], 183, 324.060180664063, 512.0, 0.0
[pos], 199, 330.671203613281, 512.0, 0.0
[pos], 216, 344.066589355469, 512.0, 0.0
[pos], 233, 350.873962402344, 512.0, 0.0
[pos], 249, 357.737854003906, 512.0, 0.0
[pos], 266, 364.128845214844, 512.0, 0.0
[pos], 283, 377.991882324219, 512.0, 0.0
[pos], 300, 385.408630371094, 512.0, 0.0
[pos], 316, 393.018341064453, 512.0, 0.0
[pos], 333, 401.083221435547, 512.0, 0.0
[pos], 350, 407.905090332031, 512.0, 0.0
[pos], 366, 422.465576171875, 512.0, 0.0
[pos], 383, 428.871795654297, 512.0, 0.0
[pos], 399, 437.033172607422, 512.0, 0.0
[pos], 416, 444.847808837891, 512.0, 0.0
[pos], 433, 452.422088623047, 512.0, 0.0
[pos], 449, 467.013427734375, 512.0, 0.0
[pos], 466, 475.031646728516, 512.0, 0.0
[pos], 483, 482.962341308594, 512.0, 0.0
[pos], 499, 490.717651367188, 512.0, 0.0
[pos], 516, 498.974975585938, 512.0, 0.0
[pos], 533, 514.244201660156, 512.0, 0.0
[pos], 550, 514.244201660156, 512.0, 0.0
[pos], 566, 522.556213378906, 512.0, 0.0
[pos], 583, 530.815979003906, 512.0, 0.0
[pos], 600, 539.148010253906, 512.0, 0.0
[pos], 616, 554.051025390625, 512.0, 0.0
[pos], 633, 560.8994140625, 512.0, 0.0
[pos], 650, 569.04736328125, 512.0, 0.0
[pos], 666, 577.144470214844, 512.0, 0.0
[pos], 683, 585.436340332031, 512.0, 0.0
[pos], 700, 593.279724121094, 512.0, 0.0
[pos], 716, 607.698852539063, 512.0, 0.0
[pos], 733, 615.645568847656, 512.0, 0.0
[pos], 750, 623.290588378906, 512.0, 0.0
[pos], 766, 630.37744140625, 512.0, 0.0
[pos], 783, 637.9501953125, 512.0, 0.0
[pos], 800, 652.766723632813, 512.0, 0.0
[pos], 816, 659.485473632813, 512.0, 0.0
[pos], 833, 666.473022460938, 512.0, 0.0
[pos], 850, 673.93017578125, 512.0, 0.0
[pos], 866, 680.6630859375, 512.0, 0.0
[pos], 883, 687.783081054688, 512.0, 0.0
[pos], 900, 701.337707519531, 512.0, 0.0
[pos], 916, 708.323181152344, 512.0, 0.0
[pos], 933, 715.646911621094, 512.0, 0.0
[pos], 950, 722.614868164063, 512.0, 0.0
[pos], 966, 729.51611328125, 512.0, 0.0
[pos], 983, 736.145385742188, 512.0, 0.0
[pos], 1000, 748.638000488281, 512.0, 0.0
[pos], 1016, 755.122985839844, 512.0, 0.0
[pos], 1033, 761.618957519531, 512.0, 0.0
[pos], 1050, 768.141906738281, 512.0, 0.0
[pos], 1066, 774.127258300781, 512.0, 0.0
[pos], 1083, 781.646911621094, 512.0, 0.0
[pos], 1100, 788.373962402344, 512.0, 0.0
[pos], 1116, 800.612731933594, 512.0, 0.0
[pos], 1133, 806.893798828125, 512.0, 0.0
[pos], 1150, 813.512817382813, 512.0, 0.0
[pos], 1166, 819.702697753906, 512.0, 0.0
[sad], 1166, attach, 0.31
[pos], 1183, 826.382934570313, 512.0, 0.0
[pos], 1200, 830.697265625, 507.307037353516, -0.82741194963455
[pos], 1216, 835.269287109375, 502.960632324219, -0.76010262966156
[pos], 1233, 844.041320800781, 496.085723876953, -0.62815856933594
[pos], 1250, 849.987426757813, 492.219696044922, -0.57650190591812
[pos], 1266, 849.987426757813, 492.219696044922, -0.57650190591812
[pos], 1283, 863.3408203125, 485.482269287109, -0.39899617433548
[pos], 1300, 869.531799316406, 483.24853515625, -0.34626740217209
[pos], 1316, 875.947692871094, 481.417663574219, -0.27797853946686
[pos], 1333, 883.675170898438, 479.779357910156, -0.20891557633877
[pos], 1350, 890.366088867188, 478.922332763672, -0.12739560008049
[pos], 1366, 895.901306152344, 478.601104736328, -0.0579701140523
[pos], 1383, 903.713500976563, 478.593200683594, -0.00101333484054
[pos], 1400, 916.529602050781, 480.032989501953, 0.1409695148468
[pos], 1416, 922.639953613281, 481.340148925781, 0.21074697375298
[pos], 1433, 929.867797851563, 483.374267578125, 0.27433258295059
[pos], 1449, 936.75634765625, 485.893005371094, 0.35054066777229
[pos], 1466, 943.256774902344, 488.833221435547, 0.42477375268936
[pos], 1483, 949.602294921875, 492.273406982422, 0.49679017066956
[pos], 1499, 961.119323730469, 500.231079101563, 0.63951414823532
[pos], 1516, 966.262084960938, 504.651000976563, 0.70995259284973
[pos], 1533, 971.369323730469, 509.680419921875, 0.77772289514542
[pos], 1549, 976.711120605469, 515.751098632813, 0.84918195009232
[pos], 1566, 981.544372558594, 522.225891113281, 0.92955446243286
[pos], 1583, 985.643615722656, 528.747009277344, 1.0096048116684
[pos], 1599, 989.234497070313, 535.559204101563, 1.08568835258484
[pos], 1616, 992.318237304688, 542.668640136719, 1.16153466701508
[pos], 1633, 996.617309570313, 556.681274414063, 1.31730437278748
[pos], 1649, 997.902648925781, 563.375732421875, 1.38110280036926
[pos], 1666, 998.888427734375, 571.333068847656, 1.44753873348236
[pos], 1683, 999.227172851563, 578.801147460938, 1.5254682302475
[pos], 1699, 999.010070800781, 586.802124023438, 1.59792542457581
[pos], 1716, 996.673767089844, 602.938842773438, 1.75286543369293
[pos], 1733, 994.81787109375, 609.874572753906, 1.83225631713867
[pos], 1749, 992.1572265625, 617.63623046875, 1.90104067325592
[pos], 1766, 988.958862304688, 625.022766113281, 1.9794248342514
[pos], 1783, 984.666259765625, 633.16259765625, 2.05609130859375
[pos], 1799, 980.075378417969, 640.283630371094, 2.14343237876892
[pos], 1816, 975.236694335938, 646.612060546875, 2.22357296943665
[pos], 1833, 963.463989257813, 658.807067871094, 2.37853527069092
[pos], 1849, 957.670776367188, 663.52685546875, 2.45794439315796
[pos], 1866, 950.601806640625, 668.507629394531, 2.52779102325439
[pos], 1883, 943.461669921875, 672.722045898438, 2.60837960243225
[pos], 1899, 935.044189453125, 676.8525390625, 2.68541121482849
[pos], 1916, 926.705871582031, 680.080688476563, 2.77222013473511
[pos], 1933, 917.907653808594, 682.676330566406, 2.85471105575562
[pos], 1949, 902.087097167969, 685.324645996094, 3.01616883277893
[pos], 1966, 892.716979980469, 685.846374511719, 3.08597087860107
[pos], 1983, 883.625122070313, 685.574645996094, 3.171471118927
[pos], 1999, 873.880615234375, 684.47412109375, 3.25405168533325
[pos], 2016, 864.932861328125, 682.649536132813, 3.34274864196777
[pos], 2033, 856.086303710938, 680.072509765625, 3.42504978179932
[pos], 2049, 839.286071777344, 672.826599121094, 3.58912086486816
[pos], 2066, 831.980407714844, 668.547485351563, 3.67145109176636
[pos], 2083, 824.332946777344, 663.257385253906, 3.74675917625427
[pos], 2099, 816.315795898438, 656.672668457031, 3.82920455932617
[pos], 2116, 809.649291992188, 650.087829589844, 3.92082667350769
[pos], 2133, 803.6005859375, 643.037963867188, 4.00327587127686
[pos], 2149, 797.936462402344, 635.231018066406, 4.08473777770996
[pos], 2166, 789.418762207031, 619.831359863281, 4.2514271736145
[pos], 2183, 785.95947265625, 611.419677734375, 4.32222366333008
[pos], 2199, 783.099975585938, 602.535949707031, 4.40098285675049
[pos], 2216, 781.030639648438, 593.731628417969, 4.48153972625732
[pos], 2233, 778.869018554688, 574.381469726563, 4.64396953582764
[pos], 2249, 778.986694335938, 565.867492675781, 4.72620630264282
[pos], 2266, 779.768798828125, 556.835266113281, 4.79876613616943
[pos], 2283, 781.426086425781, 546.783996582031, 4.87580299377441
[pos], 2299, 784.026611328125, 536.585754394531, 4.96206521987915
[pos], 2316, 787.354309082031, 527.131958007813, 5.05084133148193
[pos], 2333, 796.009094238281, 509.7978515625, 5.22185659408569
[pos], 2349, 801.162963867188, 502.013488769531, 5.29721069335938
[pos], 2366, 807.667175292969, 493.676300048828, 5.37490463256836
[pos], 2383, 815.014892578125, 485.792205810547, 5.46258974075317
[pos], 2399, 822.704223632813, 478.889038085938, 5.55160808563232
[pos], 2416, 830.962646484375, 472.655883789063, 5.63664245605469
[pos], 2433, 840.305480957031, 466.776184082031, 5.72147989273071
[pos], 2449, 858.003051757813, 458.618041992188, 5.89444780349731
[pos], 2466, 867.524536132813, 455.535919189453, 5.97012662887573
[pos], 2483, 877.747009277344, 453.119506835938, 6.05106449127197
[pos], 2499, 888.837219238281, 451.472137451172, 6.13572072982788
[pos], 2516, 900.005432128906, 450.829742431641, 6.22572898864746
[pos], 2533, 910.665161132813, 451.170837402344, 6.3151741027832
[pos], 2549, 920.655456542969, 452.344512939453, 6.40013122558594
[pos], 2566, 939.890319824219, 456.9697265625, 6.5576639175415
[pos], 2583, 948.553833007813, 460.164245605469, 6.63644981384277
[pos], 2599, 957.798278808594, 464.3583984375, 6.70910596847534
[pos], 2616, 966.725708007813, 469.300109863281, 6.78874349594116
[pos], 2633, 976.334716796875, 475.66943359375, 6.86853885650635
[pos], 2649, 984.557250976563, 482.253234863281, 6.95835304260254
[pos], 2666, 992.179443359375, 489.453491210938, 7.04012489318848
[pos], 2683, 999.871520996094, 498.001739501953, 7.12125253677368
[pos], 2699, 1005.80108642578, 505.898193359375, 7.20989799499512
[pos], 2716, 1016.47009277344, 524.205810546875, 7.36408042907715
[pos], 2733, 1020.00384521484, 532.425048828125, 7.44793939590454
[pos], 2749, 1023.60577392578, 542.67529296875, 7.51606035232544
[pos], 2766, 1026.419921875, 553.450927734375, 7.59853315353394
[pos], 2783, 1028.15380859375, 563.479431152344, 7.68277835845947
[pos], 2799, 1029.16223144531, 574.123596191406, 7.75952100753784
[pos], 2816, 1029.30639648438, 584.356567382813, 7.83989143371582
[pos], 2833, 1028.65625, 594.728393554688, 7.91658639907837
[pos], 2849, 1025.39306640625, 613.174133300781, 8.06727504730225
[pos], 2866, 1022.39129638672, 623.622497558594, 8.13374328613281
[pos], 2883, 1018.8095703125, 633.128540039063, 8.21431732177734
[pos], 2899, 1013.90997314453, 643.661193847656, 8.28938674926758
[pos], 2916, 1008.40179443359, 653.260070800781, 8.3749418258667
[pos], 2933, 1002.23522949219, 662.231506347656, 8.4561710357666
[pos], 2949, 995.431335449219, 670.61376953125, 8.53581809997559
[pos], 2966, 988.029235839844, 678.392822265625, 8.61455821990967
[pos], 2983, 979.166198730469, 686.358764648438, 8.69263362884521
[pos], 2999, 970.269775390625, 693.063110351563, 8.778977394104
[pos], 3016, 962.334594726563, 698.097534179688, 8.85941791534424
[pos], 3033, 943.68359375, 707.34716796875, 9.00609683990479
[pos], 3049, 934.846862792969, 710.55517578125, 9.0765380859375
[pos], 3066, 924.436706542969, 713.560668945313, 9.14371490478516
[pos], 3083, 914.039611816406, 715.7099609375, 9.22092819213867
[pos], 3099, 903.200500488281, 717.109558105469, 9.29636669158936
[pos], 3116, 892.863037109375, 717.637084960938, 9.37379455566406
[pos], 3133, 882.01708984375, 717.396850585938, 9.44692230224609
[pos], 3149, 864.036437988281, 715.037841796875, 9.58709049224854
[pos], 3166, 854.257690429688, 712.789794921875, 9.65074253082275
[pos], 3183, 843.987915039063, 709.655883789063, 9.7209587097168
[pos], 3199, 833.932678222656, 705.742858886719, 9.79589557647705
[pos], 3216, 824.556091308594, 701.257202148438, 9.87098598480225
[pos], 3233, 815.281555175781, 695.967224121094, 9.94313144683838
[pos], 3249, 806.270812988281, 689.904479980469, 10.0170402526855
[pos], 3266, 798.490051269531, 683.775146484375, 10.0920095443726
[pos], 3283, 784.162902832031, 669.895324707031, 10.2335395812988
[pos], 3299, 777.936218261719, 662.478820800781, 10.2971649169922
[pos], 3316, 771.595520019531, 653.822326660156, 10.3633832931519
[pos], 3333, 765.914855957031, 644.741333007813, 10.4365730285645
[pos], 3349, 761.128173828125, 635.68310546875, 10.5094394683838
[pos], 3366, 756.844604492188, 626.003112792969, 10.5789604187012
[pos], 3383, 753.219543457031, 615.914855957031, 10.6506090164185
[pos], 3399, 748.719482421875, 597.594970703125, 10.7891969680786
[pos], 3416, 747.444702148438, 588.900817871094, 10.8499870300293
[pos], 3433, 746.472778320313, 577.708618164063, 10.9089498519897
[pos], 3449, 746.350952148438, 567.049743652344, 10.9841480255127
[pos], 3466, 746.993469238281, 556.306457519531, 11.0553112030029
[pos], 3483, 748.406921386719, 545.611755371094, 11.1269779205322
[pos], 3499, 750.631225585938, 534.808471679688, 11.1986284255981
[pos], 3516, 756.501892089844, 516.354248046875, 11.3398923873901
[pos], 3533, 760.177734375, 507.757232666016, 11.3996229171753
[pos], 3549, 764.987976074219, 498.183532714844, 11.4611730575562
[pos], 3566, 770.225280761719, 489.365936279297, 11.5315437316895
[pos], 3583, 776.301025390625, 480.545227050781, 11.5987462997437
[pos], 3599, 783.538024902344, 471.470123291016, 11.6687622070313
[pos], 3616, 791.190673828125, 463.236755371094, 11.7444343566895
[pos], 3633, 799.529174804688, 455.486450195313, 11.8175134658813
[pos], 3649, 807.151428222656, 449.384857177734, 11.8913259506226
[pos], 3666, 817.744445800781, 441.951507568359, 11.9544897079468
[pos], 3683, 827.866027832031, 436.042663574219, 12.0379590988159
[pos], 3699, 837.161376953125, 431.517517089844, 12.1133232116699
[pos], 3716, 856.109069824219, 424.506225585938, 12.2423734664917
[pos], 3733, 865.265869140625, 422.095092773438, 12.3088979721069
[pos], 3749, 875.848815917969, 419.981719970703, 12.3692674636841
[pos], 3766, 886.907958984375, 418.553344726563, 12.4379224777222
[pos], 3783, 897.538635253906, 417.939453125, 12.5086879730225
[pos], 3799, 909.254699707031, 418.053497314453, 12.5761051177979
[pos], 3816, 918.677185058594, 418.844207763672, 12.6500930786133
[sad], 3816, detach, 0.84
[as], 3816, 0.96855062246323
[pos], 3833, 930.242492675781, 420.513061523438, 12.7096786499023
[pos], 3849, 939.642028808594, 421.869384765625, 12.7096786499023
[pos], 3866, 959.112487792969, 424.678924560547, 12.7096786499023
[pos], 3883, 968.083190917969, 425.973358154297, 12.7096786499023
[pos], 3899, 979.260498046875, 427.586212158203, 12.7096786499023
[pos], 3916, 990.275695800781, 429.175689697266, 12.7096786499023
[pos], 3933, 1001.35394287109, 430.774261474609, 12.7096786499023
[pos], 3949, 1011.62438964844, 432.256256103516, 12.7096786499023
[pos], 3966, 1022.32434082031, 433.800231933594, 12.7096786499023
[pos], 3983, 1033.70056152344, 435.441772460938, 12.7096786499023
[pos], 3999, 1044.75244140625, 437.036529541016, 12.7096786499023
[pos], 4016, 1064.671875, 439.910827636719, 12.7096786499023
[pos], 4033, 1073.84838867188, 441.234954833984, 12.7096786499023
[pos], 4049, 1084.080078125, 442.711364746094, 12.7096786499023
[pos], 4066, 1095.42651367188, 444.348602294922, 12.7096786499023
[pos], 4083, 1106.63427734375, 445.965850830078, 12.7096786499023
[pos], 4099, 1117.99108886719, 447.604614257813, 12.7096786499023
[pos], 4116, 1128.68762207031, 449.148101806641, 12.7096786499023
[pos], 4133, 1140.12963867188, 450.799163818359, 12.7096786499023
[pos], 4149, 1151.23913574219, 452.402221679688, 12.7096786499023
[pos], 4166, 1161.44934082031, 453.875518798828, 12.7096786499023
[pos], 4183, 1171.82580566406, 455.372802734375, 12.7096786499023
[pos], 4199, 1191.15148925781, 458.161437988281, 12.7096786499023
[pos], 4216, 1200.40625, 459.496887207031, 12.7096786499023
[pos], 4233, 1210.82983398438, 461.0009765625, 12.7096786499023
[pos], 4249, 1222.17028808594, 461.706665039063, 12.6285190582275
[pos], 4266, 1232.84423828125, 461.556121826172, 12.5522689819336
[pos], 4283, 1242.90905761719, 460.685760498047, 12.4801092147827
[pos], 4299, 1253.05090332031, 459.052856445313, 12.4067344665527
[pos], 4316, 1272.11047363281, 453.868835449219, 12.2655544281006
[pos], 4333, 1280.94958496094, 450.455749511719, 12.1978740692139
[pos], 4349, 1290.08203125, 446.149505615234, 12.1257543563843
[pos], 4366, 1299.34680175781, 440.884948730469, 12.0496397018433
[pos], 4383, 1307.71313476563, 435.300384521484, 11.9777898788452
[pos], 4399, 1315.90905761719, 428.901916503906, 11.9035196304321
[pos], 4416, 1323.458984375, 422.068969726563, 11.8307847976685
[pos], 4433, 1330.80163574219, 414.328063964844, 11.7545747756958
[pos], 4449, 1342.65551757813, 398.877685546875, 11.6154041290283
[pos], 4466, 1348.87976074219, 390.156005859375, 11.6154041290283
[pos], 4483, 1354.34692382813, 382.495269775391, 11.6154041290283
[pos], 4499, 1360.26330566406, 374.204895019531, 11.6154041290283
[pos], 4516, 1367.25122070313, 364.413146972656, 11.6154041290283
[pos], 4533, 1374.455078125, 354.31884765625, 11.6154041290283
[pos], 4549, 1380.55249023438, 345.774932861328, 11.6154041290283
[pos], 4566, 1386.47668457031, 337.473754882813, 11.6154041290283
[pos], 4583, 1397.29260253906, 322.318054199219, 11.6154041290283
[pos], 4599, 1403.03015136719, 314.278411865234, 11.6154041290283
[pos], 4616, 1409.30517578125, 305.485504150391, 11.6154041290283
[pos], 4633, 1415.07360839844, 297.402557373047, 11.6154041290283
[pos], 4649, 1421.16931152344, 288.860931396484, 11.6154041290283
[pos], 4666, 1427.19836425781, 280.412750244141, 11.6154041290283
[pos], 4683, 1433.42712402344, 271.684783935547, 11.6154041290283
[pos], 4699, 1444.24426269531, 256.527404785156, 11.6154041290283
[pos], 4716, 1450.17333984375, 248.219375610352, 11.6154041290283
[pos], 4733, 1457.02270507813, 240.02326965332, 11.6916990280151
[pos], 4749, 1463.98754882813, 232.808258056641, 11.7633285522461
[pos], 4766, 1472.06628417969, 225.638107299805, 11.8404836654663
[pos], 4783, 1480.3271484375, 219.336334228516, 11.914698600769
[pos], 4799, 1497.59094238281, 208.904556274414, 12.0588684082031
[pos], 4816, 1506.69982910156, 204.663635253906, 12.1306381225586
[pos], 4833, 1516.01220703125, 201.110122680664, 12.2018327713013
[pos], 4849, 1526.3564453125, 198.051528930664, 12.2788829803467
[pos], 4866, 1536.94311523438, 195.793212890625, 12.3562030792236
[pos], 4883, 1547.79797363281, 194.352508544922, 12.4344177246094
[pos], 4899, 1559.01513671875, 192.863723754883, 12.4344177246094
[pos], 4916, 1568.01379394531, 191.669387817383, 12.4344177246094
[pos], 4933, 1579.35998535156, 190.163467407227, 12.4344177246094
[pos], 4949, 1599.87414550781, 187.440734863281, 12.4344177246094
[pos], 4966, 1609.38916015625, 186.177871704102, 12.4344177246094
[pos], 4983, 1619.97900390625, 184.772338867188, 12.4344177246094
[pos], 4999, 1630.67504882813, 183.352722167969, 12.4344177246094
[pos], 5016, 1641.3447265625, 181.936599731445, 12.4344177246094
[pos], 5033, 1652.51330566406, 180.45426940918, 12.4344177246094
[pos], 5049, 1661.14978027344, 179.307998657227, 12.4344177246094
[pos], 5066, 1672.07751464844, 177.857620239258, 12.4344177246094
[pos], 5083, 1682.30578613281, 176.500076293945, 12.4344177246094
[pos], 5099, 1702.07470703125, 173.876266479492, 12.4344177246094
[pos], 5116, 1713.20434570313, 172.39909362793, 12.4344177246094
[pos], 5133, 1723.70947265625, 171.004806518555, 12.4344177246094
[pos], 5149, 1735.50927734375, 170.44303894043, 12.5187978744507
[pos], 5166, 1746.30346679688, 170.762237548828, 12.5959329605103
[pos], 5183, 1757.86987304688, 172.071411132813, 12.6790781021118
[pos], 5199, 1768.951171875, 174.241226196289, 12.7597332000732
[pos], 5216, 1778.76171875, 176.914108276367, 12.8323631286621
[pos], 5233, 1788.85998535156, 180.515487670898, 12.9089431762695
[pos], 5249, 1798.63269042969, 184.867858886719, 12.9853582382202
[pos], 5266, 1807.27404785156, 189.464904785156, 13.0552730560303
[pos], 5283, 1816.61706542969, 195.428085327148, 13.1344432830811
[pos], 5299, 1825.44921875, 202.102630615234, 13.2135181427002
[pos], 5316, 1840.6962890625, 216.600509643555, 13.3638877868652
[pos], 5333, 1847.44750976563, 224.644119262695, 13.4388980865479
[sad], 5333, attach, 0.385
[pos], 5349, 1853.89782714844, 233.701507568359, 13.5183229446411
[pos], 5366, 1865.85803222656, 233.410171508789, 12.5420160293579
[pos], 5383, 1878.39379882813, 234.837341308594, 12.6797304153442
[pos], 5399, 1887.18994140625, 237.150299072266, 12.8235025405884
[pos], 5416, 1898.82348632813, 241.529907226563, 12.9264240264893
[pos], 5433, 1906.86975097656, 245.921020507813, 13.0659294128418
[pos], 5449, 1916.78393554688, 252.729080200195, 13.1681118011475
[pos], 5466, 1925.5869140625, 260.683227539063, 13.3011541366577
[pos], 5483, 1933.1181640625, 269.518432617188, 13.4312734603882
[pos], 5499, 1939.35925292969, 279.052673339844, 13.5575647354126
[pos], 5516, 1944.0361328125, 288.573791503906, 13.6805715560913
[pos], 5533, 1947.86193847656, 299.291320800781, 13.7942972183228
[pos], 5549, 1949.97680664063, 308.672485351563, 13.9154405593872
[pos], 5566, 1951.56958007813, 321.886627197266, 14.0172100067139
[pos], 5583, 1951.38415527344, 331.277404785156, 14.1569051742554
[pos], 5599, 1947.69616699219, 352.353607177734, 14.3664531707764
[pos], 5616, 1944.48681640625, 361.449340820313, 14.4763650894165
[pos], 5633, 1939.97131347656, 371.089080810547, 14.5752363204956
[pos], 5649, 1934.466796875, 380.136444091797, 14.6837482452393
[pos], 5666, 1927.22387695313, 389.587158203125, 14.7910776138306
[pos], 5683, 1920.2333984375, 396.742065429688, 14.9109420776367
[pos], 5699, 1911.47570800781, 404.072235107422, 15.0110626220703
[pos], 5716, 1903.521484375, 409.320861816406, 15.1246891021729
[pos], 5733, 1893.79321289063, 414.49658203125, 15.2190198898315
[pos], 5749, 1883.87109375, 418.46484375, 15.3275060653687
[pos], 5766, 1862.86743164063, 423.235443115234, 15.5373287200928
[pos], 5783, 1853.48022460938, 423.859893798828, 15.6415386199951
[pos], 5799, 1842.85729980469, 423.602172851563, 15.7322196960449
[pos], 5816, 1831.751953125, 422.193359375, 15.8341464996338
[pos], 5833, 1821.67321777344, 419.801910400391, 15.9409313201904
[pos], 5849, 1811.28479003906, 416.228790283203, 16.0392379760742
[pos], 5866, 1801.49536132813, 411.679870605469, 16.1429538726807
[pos], 5883, 1792.16906738281, 406.135284423828, 16.2443370819092
[pos], 5899, 1783.03845214844, 399.368957519531, 16.3457145690918
[pos], 5916, 1775.71704101563, 392.638580322266, 16.4513244628906
[pos], 5933, 1768.43286132813, 384.587799072266, 16.5433082580566
[pos], 5949, 1756.63220214844, 366.834564208984, 16.7425785064697
[pos], 5966, 1752.4599609375, 357.982513427734, 16.8383140563965
[pos], 5983, 1748.59912109375, 347.457824707031, 16.9271621704102
[pos], 5999, 1745.78637695313, 336.455596923828, 17.0284633636475
[pos], 6016, 1743.97192382813, 324.303192138672, 17.1305484771729
[pos], 6033, 1743.51330566406, 312.363708496094, 17.2403659820557
[pos], 6049, 1744.29748535156, 300.81298828125, 17.3465423583984
[pos], 6066, 1746.25842285156, 289.396575927734, 17.4488677978516
[pos], 6083, 1749.32360839844, 278.4052734375, 17.5507183074951
[pos], 6099, 1749.32360839844, 278.4052734375, 17.5507183074951
[pos], 6116, 1759.76489257813, 255.325134277344, 17.7818965911865
[pos], 6133, 1759.76489257813, 255.325134277344, 17.7818965911865
[pos], 6149, 1773.09558105469, 237.268661499023, 17.9946136474609
[pos], 6166, 1781.46826171875, 228.878494262695, 18.0631122589111
[pos], 6183, 1789.74206542969, 222.111022949219, 18.1639728546143
[pos], 6199, 1798.87683105469, 215.927978515625, 18.254524230957
[pos], 6216, 1808.498046875, 210.647048950195, 18.3475723266602
[pos], 6233, 1818.46960449219, 206.315505981445, 18.4397583007813
[pos], 6249, 1828.91223144531, 202.868087768555, 18.5306930541992
[pos], 6266, 1838.9404296875, 200.54899597168, 18.6222915649414
[pos], 6283, 1849.99816894531, 198.969772338867, 18.7076988220215
[pos], 6299, 1860.41467285156, 198.453216552734, 18.8000068664551
[pos], 6316, 1871.51000976563, 198.856216430664, 18.8858604431152
[pos], 6333, 1882.43530273438, 200.254989624023, 18.9768924713135
[pos], 6349, 1893.29614257813, 202.652648925781, 19.0668334960938
[pos], 6366, 1911.8037109375, 209.353729248047, 19.2433090209961
[pos], 6383, 1920.07202148438, 213.523773193359, 19.31667137146
[pos], 6399, 1929.54321289063, 219.223037719727, 19.3912601470947
[pos], 6416, 1938.08032226563, 225.453079223633, 19.4799785614014
[pos], 6433, 1946.23132324219, 232.529266357422, 19.564489364624
[pos], 6449, 1953.47351074219, 239.999969482422, 19.6504878997803
[pos], 6466, 1965.6181640625, 256.062438964844, 19.8129272460938
[pos], 6483, 1970.30676269531, 264.100799560547, 19.8923206329346
[pos], 6499, 1974.91491699219, 273.523895263672, 19.9655208587646
[pos], 6516, 1978.71594238281, 283.249389648438, 20.0477714538574
[pos], 6533, 1981.59106445313, 292.850006103516, 20.1293754577637
[pos], 6549, 1983.81188964844, 303.123199462891, 20.2074508666992
[pos], 6566, 1985.12634277344, 313.077606201172, 20.2890682220459
[pos], 6583, 1985.44702148438, 332.11572265625, 20.4431457519531
[pos], 6599, 1984.572265625, 341.461883544922, 20.5136756896973
[pos], 6616, 1982.8486328125, 351.787506103516, 20.5857524871826
[pos], 6633, 1980.2744140625, 362.060180664063, 20.6658897399902
[pos], 6649, 1976.90698242188, 372.009979248047, 20.746696472168
[pos], 6666, 1972.65161132813, 381.90234375, 20.8265895843506
[pos], 6683, 1966.75659179688, 393.011291503906, 20.9082260131836
[pos], 6699, 1960.31689453125, 402.780212402344, 21.0031719207764
[pos], 6716, 1953.49060058594, 411.382415771484, 21.0911445617676
[pos], 6733, 1945.93505859375, 419.443023681641, 21.1734218597412
[pos], 6749, 1930.23205566406, 432.596282958984, 21.3372993469238
[pos], 6766, 1920.98937988281, 438.689727783203, 21.4082794189453
[pos], 6783, 1912.46545410156, 443.357055664063, 21.4901828765869
[pos], 6799, 1902.17407226563, 448.067840576172, 21.5618762969971
[pos], 6816, 1891.67028808594, 451.854949951172, 21.6451110839844
[pos], 6833, 1881.15625, 454.699279785156, 21.7269458770752
[pos], 6849, 1871.1533203125, 456.567413330078, 21.8065166473389
[pos], 6866, 1861.08959960938, 457.68408203125, 21.8806419372559
[pos], 6883, 1852.37915039063, 458.006072998047, 21.9541988372803
[pos], 6899, 1832.68444824219, 456.787139892578, 22.0926952362061
[pos], 6916, 1822.57800292969, 455.064483642578, 22.1599769592285
[pos], 6933, 1811.97839355469, 452.441589355469, 22.2337284088135
[pos], 6949, 1802.18908691406, 449.187774658203, 22.3120460510254
[pos], 6966, 1792.51501464844, 445.158233642578, 22.3858261108398
[pos], 6983, 1783.30126953125, 440.484649658203, 22.4605693817139
[pos], 6999, 1767.2734375, 430.0576171875, 22.6050643920898
[pos], 7016, 1759.95678710938, 424.159057617188, 22.6696472167969
[pos], 7033, 1752.26428222656, 417.065948486328, 22.7360305786133
[pos], 7049, 1744.94958496094, 409.248657226563, 22.8097496032715
[pos], 7066, 1738.24694824219, 400.908721923828, 22.8849658966064
[pos], 7083, 1732.4560546875, 392.480834960938, 22.9599266052246
[pos], 7099, 1727.13610839844, 383.412902832031, 23.0313758850098
[pos], 7116, 1722.57202148438, 374.138153076172, 23.104642868042
[pos], 7133, 1715.87805175781, 355.908874511719, 23.2483901977539
[pos], 7149, 1713.49926757813, 346.626525878906, 23.3110752105713
[pos], 7166, 1711.56555175781, 336.277648925781, 23.3772239685059
[pos], 7183, 1710.36938476563, 325.663543701172, 23.4497184753418
[pos], 7199, 1709.95422363281, 314.989624023438, 23.5230751037598
[pos], 7216, 1710.32800292969, 304.092834472656, 23.5962390899658
[pos], 7233, 1711.5712890625, 292.707122802734, 23.670711517334
[pos], 7249, 1715.89428710938, 273.400238037109, 23.8196830749512
[pos], 7266, 1719.19860839844, 263.465454101563, 23.8830394744873
[pos], 7283, 1723.02221679688, 254.213012695313, 23.9538288116455
[pos], 7299, 1727.84484863281, 244.464813232422, 24.0213603973389
[pos], 7316, 1733.26770019531, 235.264144897461, 24.0945377349854
[pos], 7333, 1739.66955566406, 225.991546630859, 24.1662063598633
[pos], 7349, 1746.6171875, 217.394195556641, 24.2416152954102
[pos], 7366, 1754.27783203125, 209.227630615234, 24.3153858184814
[pos], 7383, 1761.23669433594, 202.837280273438, 24.3899078369141
[pos], 7399, 1769.87023925781, 195.854278564453, 24.4526462554932
[pos], 7416, 1778.78833007813, 189.667083740234, 24.5262031555176
[pos], 7433, 1796.275390625, 180.068542480469, 24.6663990020752
[pos], 7449, 1805.36401367188, 176.189376831055, 24.7293357849121
[pos], 7466, 1815.890625, 172.482925415039, 24.7941951751709
[pos], 7483, 1826.52941894531, 169.590286254883, 24.8672618865967
[pos], 7499, 1837.09594726563, 167.519943237305, 24.9392566680908
[pos], 7516, 1847.92321777344, 166.177597045898, 25.0093936920166
[pos], 7533, 1857.66784667969, 165.665939331055, 25.0802822113037
[pos], 7549, 1868.25817871094, 165.780380249023, 25.1435470581055
[pos], 7566, 1888.91003417969, 168.121307373047, 25.2784652709961
[pos], 7583, 1898.03552246094, 170.098678588867, 25.3461284637451
[pos], 7599, 1908.44140625, 173.016708374023, 25.4061412811279
[pos], 7616, 1918.83654785156, 176.725524902344, 25.4754467010498
[pos], 7633, 1929.08129882813, 181.218597412109, 25.5460529327393
[pos], 7649, 1938.93359375, 186.406768798828, 25.6174354553223
[pos], 7666, 1947.26623535156, 191.579605102539, 25.6883087158203
[pos], 7683, 1956.11083984375, 197.865325927734, 25.7506008148193
[pos], 7699, 1964.47509765625, 204.721267700195, 25.8193645477295
[pos], 7716, 1972.40380859375, 212.182083129883, 25.8877410888672
[pos], 7733, 1979.46130371094, 219.801651000977, 25.956413269043
[sad], 7733, detach, 0.865
[as], 7733, 0.53242194652557
[pos], 7749, 1992.1455078125, 236.528991699219, 26.0880813598633
[pos], 7766, 1998.04541015625, 244.873199462891, 26.0880813598633
[pos], 7783, 2004.27770996094, 253.687454223633, 26.0880813598633
[pos], 7799, 2010.580078125, 262.600769042969, 26.0880813598633
[pos], 7816, 2016.51086425781, 270.988647460938, 26.0880813598633
[pos], 7833, 2022.62731933594, 279.639068603516, 26.0880813598633
[pos], 7849, 2028.67932128906, 288.198272705078, 26.0880813598633
[pos], 7866, 2035.06823730469, 297.234008789063, 26.0880813598633
[pos], 7883, 2040.92517089844, 305.517395019531, 26.0880813598633
[pos], 7899, 2047.13061523438, 314.293701171875, 26.0880813598633
[pos], 7916, 2052.59545898438, 322.022399902344, 26.0880813598633
[pos], 7933, 2063.71826171875, 337.753479003906, 26.0880813598633
[pos], 7949, 2069.86743164063, 346.450256347656, 26.0880813598633
[pos], 7966, 2076.42553710938, 355.725280761719, 26.0880813598633
[pos], 7983, 2082.525390625, 364.352294921875, 26.0880813598633
[pos], 7999, 2088.658203125, 373.025848388672, 26.0880813598633
[pos], 8016, 2094.84228515625, 381.771820068359, 26.0880813598633
[pos], 8033, 2100.9765625, 390.447479248047, 26.0880813598633
[pos], 8049, 2107.38134765625, 399.505523681641, 26.0880813598633
[pos], 8066, 2113.9033203125, 408.729309082031, 26.0880813598633
[pos], 8083, 2119.33374023438, 416.409332275391, 26.0880813598633
[pos], 8099, 2130.9052734375, 432.774749755859, 26.0880813598633
[pos], 8116, 2137.2666015625, 441.771636962891, 26.0880813598633
[pos], 8133, 2144.88427734375, 450.817077636719, 26.0036106109619
[pos], 8149, 2151.79370117188, 457.931732177734, 25.9327697753906
[pos], 8166, 2160.36596679688, 465.430145263672, 25.8514194488525
[pos], 8183, 2169.41015625, 472.139221191406, 25.7709846496582
[pos], 8199, 2178.52099609375, 477.868591308594, 25.6941089630127
[pos], 8216, 2187.26733398438, 482.539825439453, 25.6232833862305
[pos], 8233, 2198.40551757813, 487.301818847656, 25.5367584228516
[pos], 8249, 2209.35205078125, 490.948852539063, 25.4543437957764
[pos], 8266, 2220.5068359375, 493.673675537109, 25.3723239898682
[pos], 8283, 2232.03784179688, 495.489654541016, 25.2889442443848
[pos], 8299, 2243.39135742188, 496.341369628906, 25.2076187133789
[pos], 8316, 2254.16088867188, 496.319305419922, 25.1306934356689
[pos], 8333, 2265.36474609375, 495.394592285156, 25.0503940582275
[pos], 8349, 2285.55908203125, 491.450317382813, 24.9033088684082
[pos], 8366, 2295.80859375, 489.056640625, 24.9033088684082
[pos], 8383, 2304.56323242188, 487.012054443359, 24.9033088684082
[pos], 8399, 2315.37426757813, 484.487182617188, 24.9033088684082
[pos], 8416, 2325.86352539063, 482.037445068359, 24.9033088684082
[pos], 8433, 2336.69311523438, 479.508270263672, 24.9033088684082
[pos], 8450, 2347.70043945313, 476.937561035156, 24.9033088684082
[pos], 8466, 2358.42553710938, 474.432739257813, 24.9033088684082
[pos], 8483, 2367.5078125, 472.311584472656, 24.9033088684082
[pos], 8500, 2387.88525390625, 467.552520751953, 24.9033088684082
[pos], 8516, 2397.27294921875, 465.360046386719, 24.9033088684082
[pos], 8533, 2406.89990234375, 463.111694335938, 24.9033088684082
[pos], 8550, 2417.24340820313, 460.696044921875, 24.9033088684082
[pos], 8566, 2427.8125, 458.227691650391, 24.9033088684082
[pos], 8583, 2437.9541015625, 455.859161376953, 24.9033088684082
[pos], 8600, 2448.09375, 453.491088867188, 24.9033088684082
[pos], 8616, 2467.29931640625, 449.005706787109, 24.9033088684082
[pos], 8633, 2476.44091796875, 446.870697021484, 24.9033088684082
[pos], 8650, 2486.48657226563, 444.524597167969, 24.9033088684082
[pos], 8666, 2496.466796875, 442.193786621094, 24.9033088684082
[pos], 8683, 2506.18310546875, 439.924591064453, 24.9033088684082
[pos], 8700, 2516.48974609375, 437.517517089844, 24.9033088684082
[pos], 8716, 2526.705078125, 435.131774902344, 24.9033088684082
[pos], 8733, 2544.79345703125, 430.907318115234, 24.9033088684082
[pos], 8750, 2553.70532226563, 428.825958251953, 24.9033088684082
[pos], 8766, 2564.30786132813, 426.349792480469, 24.9033088684082
[pos], 8783, 2574.36572265625, 424.000823974609, 24.9033088684082
[pos], 8800, 2585.23193359375, 421.463073730469, 24.9033088684082
[pos], 8816, 2595.97680664063, 418.953643798828, 24.9033088684082
[pos], 8833, 2607.33325195313, 416.301422119141, 24.9033088684082
[pos], 8850, 2618.67529296875, 413.652526855469, 24.9033088684082
[pos], 8866, 2628.33374023438, 411.396850585938, 24.9033088684082
[pos], 8883, 2639.59619140625, 408.7666015625, 24.9033088684082
[pos], 8900, 2650.9716796875, 406.109924316406, 24.9033088684082
[pos], 8916, 2662.0771484375, 402.518188476563, 24.819938659668
[pos], 8933, 2672.22778320313, 398.331115722656, 24.7415084838867
[pos], 8950, 2690.52221679688, 388.258666992188, 24.5922431945801
[pos], 8966, 2699.17602539063, 382.129669189453, 24.5164985656738
[pos], 8983, 2708.0498046875, 374.669891357422, 24.4336929321289
[pos], 9000, 2716.59204101563, 366.128662109375, 24.3474082946777
[pos], 9016, 2724.05981445313, 357.315673828125, 24.2648983001709
[pos], 9033, 2730.43579101563, 348.480651855469, 24.1870727539063
[pos], 9050, 2736.51318359375, 338.360473632813, 24.1027526855469
[pos], 9066, 2741.9501953125, 327.138275146484, 24.0131072998047
[pos], 9083, 2745.970703125, 316.802276611328, 23.9329166412354
[pos], 9100, 2750.517578125, 305.113250732422, 23.9329166412354
[pos], 9116, 2754.10986328125, 295.877868652344, 23.9329166412354
[pos], 9133, 2758.26391601563, 285.198883056641, 23.9329166412354
[pos], 9150, 2762.30908203125, 274.799377441406, 23.9329166412354
[pos], 9166, 2766.45849609375, 264.1318359375, 23.9329166412354
[sad], 9166, attach, 0.435
[pos], 9183, 2770.4365234375, 253.904968261719, 23.9329166412354
[pos], 9200, 2761.19580078125, 247.103668212891, 22.6256446838379
[pos], 9216, 2752.83471679688, 238.788101196289, 22.7738227844238
[pos], 9233, 2746.41723632813, 230.124450683594, 22.9244060516357
[pos], 9250, 2740.50146484375, 219.327514648438, 23.0607147216797
[pos], 9266, 2736.93798828125, 209.48258972168, 23.2146549224854
[pos], 9283, 2734.4541015625, 198.24951171875, 23.3443222045898
[pos], 9300, 2733.53955078125, 186.314651489258, 23.4854564666748
[pos], 9316, 2734.31787109375, 175.026657104492, 23.6307830810547
[pos], 9333, 2736.7626953125, 163.261779785156, 23.7668266296387
[pos], 9350, 2740.8408203125, 152.017578125, 23.909875869751
[pos], 9366, 2740.8408203125, 152.017578125, 23.909875869751
[pos], 9383, 2747.73217773438, 139.063140869141, 24.0508403778076
[pos], 9400, 2756.05810546875, 128.32600402832, 24.2215232849121
[pos], 9416, 2764.68823242188, 120.201820373535, 24.3775253295898
[pos], 9433, 2775.77783203125, 112.276512145996, 24.5122394561768
[pos], 9450, 2787.09228515625, 106.568176269531, 24.6654834747314
[pos], 9466, 2799.83251953125, 102.257247924805, 24.8064632415771
[pos], 9483, 2810.65795898438, 100.306991577148, 24.9545001983643
[pos], 9500, 2822.85375976563, 99.5964660644531, 25.0745468139648
[pos], 9516, 2834.55151367188, 100.464111328125, 25.2067775726318
[pos], 9533, 2846.86694335938, 102.96004486084, 25.3327026367188
[pos], 9550, 2859.20043945313, 107.235633850098, 25.4664402008057
[pos], 9566, 2869.06518554688, 112.263168334961, 25.6040821075439
[pos], 9583, 2869.06518554688, 112.263168334961, 25.6040821075439
[pos], 9600, 2880.98413085938, 120.195274353027, 25.7199382781982
[pos], 9616, 2890.09741210938, 128.442916870117, 25.8683185577393
[pos], 9633, 2897.38696289063, 136.941375732422, 25.9945602416992
[pos], 9650, 2904.21069335938, 147.027969360352, 26.1087551116943
[pos], 9666, 2909.33251953125, 157.074005126953, 26.2320613861084
[pos], 9683, 2913.6181640625, 168.52668762207, 26.345458984375
[pos], 9700, 2916.28491210938, 179.61637878418, 26.4675579071045
[pos], 9716, 2917.75854492188, 191.550338745117, 26.5806751251221
[pos], 9733, 2917.81079101563, 203.376724243164, 26.6991195678711
[pos], 9750, 2916.4716796875, 215.361038208008, 26.8148193359375
[pos], 9766, 2913.84521484375, 226.656616210938, 26.9319915771484
[pos], 9783, 2909.95776367188, 237.632263183594, 27.0439472198486
[pos], 9800, 2904.94946289063, 247.944320678711, 27.1556529998779
[pos], 9816, 2899.03515625, 257.348022460938, 27.2649688720703
[pos], 9833, 2891.49560546875, 266.92822265625, 27.3702964782715
[pos], 9850, 2883.1572265625, 275.329772949219, 27.485164642334
[pos], 9866, 2874.97900390625, 281.920745849609, 27.5959930419922
[pos], 9883, 2864.56201171875, 288.753295898438, 27.6938228607178
[pos], 9900, 2854.69848632813, 293.703948974609, 27.809154510498
[pos], 9916, 2843.8818359375, 297.819671630859, 27.9107494354248
[pos], 9933, 2832.08813476563, 300.927093505859, 28.0167045593262
[pos], 9950, 2820.89208984375, 302.580718994141, 28.1276969909668
[pos], 9966, 2809.19946289063, 303.097991943359, 28.2301235198975
[pos], 9983, 2797.21557617188, 302.364440917969, 28.335470199585
[pos], 10000, 2776.67260742188, 297.8701171875, 28.5403289794922
[pos], 10016, 2766.17431640625, 293.970306396484, 28.6300048828125
[pos], 10033, 2755.00512695313, 288.5126953125, 28.7288436889648
[pos], 10050, 2746.42504882813, 283.090148925781, 28.8379421234131
[pos], 10066, 2737.404296875, 276.200012207031, 28.9266109466553
[pos], 10083, 2729.42065429688, 268.747680664063, 29.0253200531006
[pos], 10100, 2721.55517578125, 259.874664306641, 29.1198558807373
[pos], 10116, 2714.81396484375, 250.494400024414, 29.2219829559326
[pos], 10133, 2708.81420898438, 240.115631103516, 29.3209781646729
[pos], 10150, 2704.07348632813, 229.554977416992, 29.4231910705566
[pos], 10166, 2700.39965820313, 218.605590820313, 29.5214023590088
[pos], 10183, 2697.724609375, 206.982849121094, 29.61891746521
[pos], 10200, 2696.29248046875, 195.677200317383, 29.719123840332
[pos], 10216, 2695.93310546875, 183.977325439453, 29.8144207000732
[pos], 10233, 2696.68286132813, 172.755447387695, 29.9118499755859
[pos], 10250, 2698.451171875, 161.792327880859, 30.0050430297852
[pos], 10266, 2701.16845703125, 151.218688964844, 30.0966663360596
[pos], 10283, 2704.93579101563, 140.610412597656, 30.1863765716553
[pos], 10300, 2709.90405273438, 129.872741699219, 30.2784957885742
[pos], 10316, 2715.3349609375, 120.598083496094, 30.3748760223389
[pos], 10333, 2722.02514648438, 111.165885925293, 30.4620723724365
[pos], 10350, 2729.625, 102.330497741699, 30.5554981231689
[pos], 10366, 2737.91479492188, 94.3453369140625, 30.6492404937744
[pos], 10383, 2746.97045898438, 87.1043014526367, 30.7414264678955
[pos], 10400, 2756.89404296875, 80.5737533569336, 30.8338928222656
[pos], 10416, 2765.98803710938, 75.7498550415039, 30.9282169342041
[pos], 10433, 2777.14624023438, 70.9494400024414, 31.009651184082
[pos], 10450, 2787.75048828125, 67.5458068847656, 31.1053428649902
[pos], 10466, 2798.84326171875, 65.0278778076172, 31.1927223205566
[pos], 10483, 2810.7451171875, 63.4196891784668, 31.2816181182861
[pos], 10500, 2822.73876953125, 62.9295272827148, 31.3750801086426
[pos], 10516, 2833.91455078125, 63.5130081176758, 31.468090057373
[pos], 10533, 2845.55493164063, 65.1359939575195, 31.5544605255127
[pos], 10550, 2854.88793945313, 67.3102798461914, 31.6448097229004
[pos], 10566, 2865.74584960938, 70.6965866088867, 31.7182445526123
[pos], 10583, 2876.19775390625, 74.9828338623047, 31.8051052093506
[pos], 10600, 2885.98486328125, 80.0176086425781, 31.891056060791
[pos], 10616, 2904.2568359375, 92.5293426513672, 32.0599746704102
[pos], 10633, 2912.7470703125, 100.0625, 32.1416625976563
[pos], 10650, 2919.77270507813, 107.455703735352, 32.2268104553223
[pos], 10666, 2926.9013671875, 116.205551147461, 32.3030776977539
[pos], 10683, 2933.45092773438, 125.78865814209, 32.3871955871582
[pos], 10700, 2939.02001953125, 135.667709350586, 32.4733963012695
[pos], 10716, 2943.751953125, 146.001693725586, 32.5573081970215
[pos], 10733, 2947.74389648438, 157.088714599609, 32.64111328125
[pos], 10750, 2950.67529296875, 168.151184082031, 32.7276840209961
[pos], 10766, 2952.74096679688, 179.816497802734, 32.8114547729492
[pos], 10783, 2953.87451171875, 192.53759765625, 32.8978576660156
[pos], 10800, 2953.82592773438, 204.99609375, 32.9906234741211
[pos], 10816, 2952.828125, 215.578643798828, 33.080738067627
[pos], 10833, 2951.07373046875, 225.759887695313, 33.1573715209961
[pos], 10850, 2948.185546875, 237.315612792969, 33.2316436767578
[pos], 10866, 2944.57885742188, 247.836166381836, 33.3169860839844
[pos], 10883, 2940.072265625, 258.213989257813, 33.3964080810547
[pos], 10900, 2934.64379882813, 268.385833740234, 33.4769439697266
[pos], 10916, 2928.76513671875, 277.516845703125, 33.5587463378906
[pos], 10933, 2922.0830078125, 286.328247070313, 33.635555267334
[pos], 10950, 2915.20629882813, 294.061859130859, 33.7135353088379
[pos], 10966, 2907.58715820313, 301.467742919922, 33.7863082885742
[pos], 10983, 2899.10620117188, 308.5634765625, 33.8608207702637
[pos], 11000, 2890.51440429688, 314.689086914063, 33.9381408691406
[pos], 11016, 2881.48852539063, 320.170928955078, 34.01171875
[pos], 11033, 2861.40478515625, 329.478393554688, 34.1625137329102
[pos], 11050, 2852.1669921875, 332.529357910156, 34.2385292053223
[pos], 11066, 2841.43969726563, 335.290161132813, 34.3056221008301
[pos], 11083, 2830.13720703125, 337.296813964844, 34.3818092346191
[pos], 11100, 2818.04711914063, 338.47314453125, 34.4605255126953
[pos], 11116, 2806.40942382813, 338.635803222656, 34.5435447692871
[pos], 11133, 2795.0732421875, 337.894378662109, 34.6228294372559
[pos], 11150, 2783.93408203125, 336.296600341797, 34.6999855041504
[pos], 11166, 2772.86401367188, 333.836608886719, 34.7761878967285
[pos], 11183, 2762.58129882813, 330.709350585938, 34.8527565002441
[pos], 11200, 2752.06030273438, 326.657592773438, 34.9251251220703
[pos], 11216, 2741.90185546875, 321.834014892578, 35.0008316040039
[pos], 11233, 2733.36181640625, 316.960144042969, 35.0761260986328
[pos], 11250, 2723.87451171875, 310.686004638672, 35.1418075561523
[pos], 11266, 2715.06518554688, 303.848114013672, 35.217586517334
[pos], 11283, 2706.63745117188, 296.242797851563, 35.291675567627
[pos], 11300, 2699.07641601563, 288.310516357422, 35.3668823242188
[pos], 11316, 2692.0517578125, 279.782348632813, 35.4392852783203
[pos], 11333, 2685.458984375, 270.473297119141, 35.5120964050293
[pos], 11350, 2679.82568359375, 261.102172851563, 35.5870590209961
[pos], 11366, 2670.99829101563, 242.140899658203, 35.7337379455566
[pos], 11383, 2667.45703125, 231.89990234375, 35.7953910827637
[pos], 11400, 2664.6904296875, 221.599807739258, 35.8659019470215
[pos], 11416, 2662.51171875, 210.463195800781, 35.935131072998
[pos], 11433, 2661.2119140625, 199.656799316406, 36.0085983276367
[pos], 11450, 2660.6611328125, 188.524307250977, 36.0788879394531
[pos], 11466, 2660.89111328125, 178.241775512695, 36.1506881713867
[pos], 11483, 2661.91284179688, 166.723007202148, 36.2167854309082
[pos], 11500, 2663.45043945313, 157.34928894043, 36.2909126281738
[pos], 11516, 2665.98486328125, 146.192001342773, 36.3516693115234
[pos], 11533, 2669.19580078125, 135.676422119141, 36.4246788024902
[pos], 11550, 2672.98852539063, 125.790824890137, 36.4946594238281
[pos], 11566, 2682.00317382813, 107.838973999023, 36.6281204223633
[pos], 11583, 2687.3759765625, 99.2846221923828, 36.6891288757324
[pos], 11600, 2693.99829101563, 90.0973510742188, 36.7528800964355
[pos], 11616, 2701.32495117188, 81.3257293701172, 36.8241882324219
[pos], 11633, 2709.37939453125, 72.9802093505859, 36.8959617614746
[pos], 11650, 2717.8525390625, 65.3898468017578, 36.9686088562012
[pos], 11666, 2727.1806640625, 58.1587142944336, 37.039680480957
[pos], 11683, 2736.68481445313, 51.8516082763672, 37.113224029541
[pos], 11700, 2746.99145507813, 46.0187492370605, 37.1841163635254
[pos], 11716, 2756.92602539063, 41.3224868774414, 37.2575225830078
[pos], 11733, 2767.64135742188, 37.1214866638184, 37.3254737854004
[pos], 11750, 2779.93725585938, 33.2822456359863, 37.3964691162109
[pos], 11766, 2790.03100585938, 30.9888401031494, 37.4756927490234
[pos], 11783, 2801.52490234375, 29.13503074646, 37.5392036437988
[pos], 11800, 2813.33911132813, 28.0850067138672, 37.610466003418
[pos], 11816, 2824.85107421875, 27.8981266021729, 37.6828804016113
[pos], 11833, 2836.37524414063, 28.5196971893311, 37.7529945373535
[pos], 11850, 2848.05249023438, 29.9750957489014, 37.8231048583984
[pos], 11866, 2860.06274414063, 32.351016998291, 37.8944129943848
[pos], 11883, 2870.30908203125, 35.1790008544922, 37.9684066772461
[pos], 11900, 2882.08178710938, 39.2560081481934, 38.0324974060059
[pos], 11916, 2892.7451171875, 43.8693428039551, 38.1074295043945
[pos], 11933, 2903.44921875, 49.4150390625, 38.1771278381348
[pos], 11950, 2912.63671875, 55.0498962402344, 38.2492637634277
[pos], 11966, 2922.19799804688, 61.7966041564941, 38.3136100769043
[pos], 11983, 2931.35131835938, 69.2622909545898, 38.3833122253418
[sad], 11983, detach, 0.99833333333333
[as], 11983, 0.96313154697418
[pos], 12000, 2940.52368164063, 77.8826522827148, 38.4534950256348
[pos], 12016, 2947.13720703125, 84.0981063842773, 38.4534950256348
[pos], 12033, 2955.8466796875, 92.2833099365234, 38.4534950256348
[pos], 12050, 2964.24658203125, 100.177688598633, 38.4534950256348
[pos], 12066, 2972.73461914063, 108.154861450195, 38.4534950256348
[pos], 12083, 2981.03784179688, 115.958389282227, 38.4534950256348
[pos], 12100, 2989.576171875, 123.982749938965, 38.4534950256348
[pos], 12116, 2997.87451171875, 131.781585693359, 38.4534950256348
[pos], 12133, 3007.08447265625, 140.437362670898, 38.4534950256348
[pos], 12150, 3013.82983398438, 146.776763916016, 38.4534950256348
[pos], 12166, 3022.75732421875, 155.166870117188, 38.4534950256348
[pos], 12183, 3031.22900390625, 163.128692626953, 38.4534950256348
[pos], 12200, 3040.03540039063, 171.405120849609, 38.4534950256348
[pos], 12216, 3048.93603515625, 179.770202636719, 38.4534950256348
[pos], 12233, 3056.4267578125, 186.810012817383, 38.4534950256348
[pos], 12250, 3065.21459960938, 195.068908691406, 38.4534950256348
[pos], 12266, 3074.10180664063, 203.421279907227, 38.4534950256348
[pos], 12283, 3081.93872070313, 210.786590576172, 38.4534950256348
[pos], 12300, 3091.6318359375, 219.896392822266, 38.4534950256348
[pos], 12316, 3100.57202148438, 228.298614501953, 38.4534950256348
[pos], 12333, 3109.576171875, 236.760757446289, 38.4534950256348
[pos], 12350, 3118.51293945313, 245.159622192383, 38.4534950256348
[pos], 12366, 3128.09033203125, 254.160598754883, 38.4534950256348
[pos], 12383, 3136.599609375, 262.157745361328, 38.4534950256348
[pos], 12400, 3145.27514648438, 270.311157226563, 38.4534950256348
[pos], 12416, 3145.27514648438, 270.311157226563, 38.4534950256348
[pos], 12433, 3154.1123046875, 278.616546630859, 38.4534950256348
[pos], 12450, 3162.69799804688, 286.685607910156, 38.4534950256348
[pos], 12466, 3171.78979492188, 295.230224609375, 38.4534950256348
[pos], 12483, 3180.56274414063, 303.475219726563, 38.4534950256348
[pos], 12500, 3189.47241210938, 311.848693847656, 38.4534950256348
[pos], 12516, 3197.91748046875, 319.785430908203, 38.4534950256348
[pos], 12533, 3206.86083984375, 328.190521240234, 38.4534950256348
[pos], 12550, 3215.76293945313, 336.556793212891, 38.4534950256348
[pos], 12566, 3224.35327148438, 344.630157470703, 38.4534950256348
[pos], 12583, 3232.0439453125, 351.857879638672, 38.4534950256348
[pos], 12600, 3241.0126953125, 360.286956787109, 38.4534950256348
[pos], 12616, 3249.45166015625, 368.217956542969, 38.4534950256348
[pos], 12633, 3259.18872070313, 377.368988037109, 38.4534950256348
[pos], 12650, 3267.31079101563, 385.002288818359, 38.4534950256348
[pos], 12666, 3278.27709960938, 393.435668945313, 38.354679107666
[pos], 12683, 3287.390625, 399.378662109375, 38.2769622802734
[pos], 12700, 3298.34838867188, 405.211944580078, 38.1882934570313
[pos], 12716, 3308.81811523438, 409.728332519531, 38.1063690185547
[pos], 12733, 3319.59619140625, 413.360626220703, 38.0241622924805
[pos], 12750, 3330.97778320313, 416.143981933594, 37.9389533996582
[pos], 12766, 3343.37817382813, 417.993408203125, 37.8471641540527
[pos], 12783, 3354.37524414063, 418.729949951172, 37.7659873962402
[pos], 12800, 3367.14282226563, 418.374237060547, 37.671257019043
[pos], 12816, 3377.78515625, 417.223388671875, 37.5913925170898
[pos], 12833, 3390.05249023438, 415.896850585938, 37.5913925170898
[pos], 12850, 3400.43481445313, 414.774108886719, 37.5913925170898
[pos], 12866, 3411.88598632813, 413.535797119141, 37.5913925170898
[pos], 12883, 3423.11962890625, 412.321014404297, 37.5913925170898
[pos], 12900, 3433.83813476563, 411.161956787109, 37.5913925170898
[pos], 12916, 3446.02978515625, 409.843566894531, 37.5913925170898
[pos], 12933, 3456.8359375, 408.675018310547, 37.5913925170898
[pos], 12950, 3456.8359375, 408.675018310547, 37.5913925170898
[pos], 12966, 3467.69970703125, 407.500244140625, 37.5913925170898
[pos], 12983, 3478.53784179688, 406.328216552734, 37.5913925170898
[pos], 13000, 3489.14038085938, 405.181701660156, 37.5913925170898
[pos], 13016, 3500.18774414063, 403.987060546875, 37.5913925170898
[pos], 13033, 3510.53466796875, 402.8681640625, 37.5913925170898
[pos], 13050, 3520.83959960938, 401.753784179688, 37.5913925170898
[pos], 13066, 3530.73486328125, 400.683746337891, 37.5913925170898
[pos], 13083, 3540.6865234375, 399.607604980469, 37.5913925170898
[pos], 13100, 3550.82568359375, 398.511169433594, 37.5913925170898
[pos], 13116, 3561.2529296875, 397.383605957031, 37.5913925170898
[pos], 13133, 3572.0068359375, 396.220703125, 37.5913925170898
[sad], 13133, attach, 0.65333333333333
[elsc], 13133, aries_test.tscn, complete
[elsc], 13133, taurus_test.tscn, start
[pos], 13166, 768.0, 384.0, 0.0
[pos], 13183, 776.674743652344, 384.0, 0.0
[pos], 13200, 783.524780273438, 384.0, 0.0
[pos], 13216, 789.766662597656, 384.0, 0.0
[pos], 13233, 797.082214355469, 384.0, 0.0
[pos], 13250, 805.073669433594, 384.0, 0.0
[pos], 13266, 812.768127441406, 384.0, 0.0
[pos], 13283, 820.688537597656, 384.0, 0.0
[pos], 13300, 828.583129882813, 384.0, 0.0
[pos], 13316, 836.422546386719, 384.0, 0.0
[pos], 13333, 844.492065429688, 384.0, 0.0
[pos], 13350, 852.513122558594, 384.0, 0.0
[pos], 13366, 860.206970214844, 384.0, 0.0
[pos], 13383, 867.246276855469, 384.0, 0.0
[pos], 13400, 875.326049804688, 384.0, 0.0
[pos], 13416, 890.2568359375, 384.0, 0.0
[pos], 13433, 898.351745605469, 384.0, 0.0
[pos], 13450, 907.191833496094, 384.0, 0.0
[pos], 13466, 915.481079101563, 384.0, 0.0
[pos], 13483, 923.943481445313, 384.0, 0.0
[pos], 13500, 932.104553222656, 384.0, 0.0
[pos], 13516, 940.931274414063, 384.0, 0.0
[pos], 13533, 948.979553222656, 384.0, 0.0
[pos], 13550, 957.381042480469, 384.0, 0.0
[pos], 13566, 965.437622070313, 384.0, 0.0
[pos], 13583, 974.086975097656, 384.0, 0.0
[pos], 13600, 983.108093261719, 384.0, 0.0
[pos], 13616, 991.408386230469, 384.0, 0.0
[pos], 13633, 1008.18493652344, 384.0, 0.0
[pos], 13650, 1016.23443603516, 384.0, 0.0
[pos], 13666, 1025.171875, 384.0, 0.0
[pos], 13683, 1033.91442871094, 384.0, 0.0
[pos], 13700, 1033.91442871094, 384.0, 0.0
[pos], 13716, 1042.90661621094, 384.0, 0.0
[pos], 13733, 1051.57055664063, 384.0, 0.0
[pos], 13750, 1060.50085449219, 384.0, 0.0
[sad], 13750, attach, 0.48
[pos], 13766, 1069.78845214844, 384.0, 0.0
[pos], 13783, 1069.78845214844, 392.278594970703, 1.57079637050629
[pos], 13800, 1070.72717285156, 401.600769042969, 1.47043597698212
[pos], 13816, 1072.58630371094, 410.185699462891, 1.35752582550049
[pos], 13833, 1075.61743164063, 419.378356933594, 1.25228524208069
[pos], 13850, 1079.76281738281, 428.328308105469, 1.13704180717468
[pos], 13866, 1089.64465332031, 442.720855712891, 0.91325092315674
[pos], 13883, 1096.00720214844, 449.477233886719, 0.8154074549675
[pos], 13900, 1103.52941894531, 455.909851074219, 0.70747584104538
[pos], 13916, 1112.02233886719, 461.634460449219, 0.59309434890747
[pos], 13933, 1120.38854980469, 465.942626953125, 0.47553393244743
[pos], 13950, 1129.93994140625, 469.627349853516, 0.36818400025368
[pos], 13966, 1139.64904785156, 472.128692626953, 0.2521456182003
[pos], 13983, 1150.03833007813, 473.584716796875, 0.13923992216587
[pos], 14000, 1160.39697265625, 473.811553955078, 0.02189391851425
[pos], 14016, 1170.88439941406, 472.831024169922, -0.09322440624237
[pos], 14033, 1181.08776855469, 470.661926269531, -0.20946943759918
[pos], 14050, 1191.40380859375, 467.199371337891, -0.32383087277412
[pos], 14066, 1200.99060058594, 462.658996582031, -0.44231113791466
[pos], 14083, 1210.40295410156, 456.796752929688, -0.5570319890976
[pos], 14100, 1218.99743652344, 449.901672363281, -0.67612600326538
[pos], 14116, 1227.13659667969, 441.627227783203, -0.7936429977417
[pos], 14133, 1233.63586425781, 433.153198242188, -0.91652494668961
[pos], 14150, 1239.38000488281, 423.613006591797, -1.02883195877075
[pos], 14166, 1244.20227050781, 412.975891113281, -1.14516687393188
[pos], 14183, 1247.20202636719, 403.430450439453, -1.26630485057831
[pos], 14200, 1249.4736328125, 392.300598144531, -1.36946439743042
[pos], 14216, 1250.44519042969, 380.891021728516, -1.48584389686584
[pos], 14233, 1250.08044433594, 369.340240478516, -1.60236656665802
[pos], 14250, 1248.38513183594, 357.997436523438, -1.71916460990906
[pos], 14266, 1245.21899414063, 346.261383056641, -1.83430087566376
[pos], 14283, 1241.18688964844, 336.301483154297, -1.95546662807465
[pos], 14300, 1235.73999023438, 326.116912841797, -2.0619068145752
[pos], 14316, 1228.56079101563, 315.730743408203, -2.17560791969299
[pos], 14333, 1221.08447265625, 307.346374511719, -2.29900670051575
[pos], 14350, 1212.66333007813, 299.756805419922, -2.40808463096619
[pos], 14366, 1202.54919433594, 292.473663330078, -2.51750516891479
[pos], 14383, 1192.73645019531, 287.05419921875, -2.63699197769165
[pos], 14400, 1182.51159667969, 282.757751464844, -2.7437961101532
[pos], 14416, 1170.75646972656, 279.215087890625, -2.84887742996216
[pos], 14433, 1159.28869628906, 277.162353515625, -2.96446871757507
[pos], 14450, 1159.28869628906, 277.162353515625, -2.96446871757507
[pos], 14466, 1146.40368652344, 276.283294677734, -3.0734760761261
[pos], 14483, 1134.69873046875, 276.891418457031, -3.19350004196167
[pos], 14500, 1122.13830566406, 278.920288085938, -3.30173945426941
[pos], 14516, 1110.43701171875, 282.245574951172, -3.41847443580627
[pos], 14533, 1098.81469726563, 286.992889404297, -3.52937388420105
[pos], 14550, 1087.390625, 293.256256103516, -3.64310026168823
[pos], 14566, 1077.29187011719, 300.446563720703, -3.76032567024231
[pos], 14583, 1067.685546875, 309.035888671875, -3.87115859985352
[pos], 14600, 1059.36364746094, 318.395751953125, -3.98562788963318
[pos], 14616, 1053.08288574219, 327.264495849609, -4.09618663787842
[pos], 14633, 1046.51062011719, 338.723175048828, -4.19163274765015
[pos], 14650, 1041.43493652344, 350.548736572266, -4.306960105896
[pos], 14666, 1038.16162109375, 361.368011474609, -4.41859579086304
[pos], 14683, 1035.87072753906, 372.891296386719, -4.5161395072937
[pos], 14700, 1034.68359375, 385.300964355469, -4.61702108383179
[pos], 14716, 1034.82629394531, 398.174560546875, -4.72347784042358
[pos], 14733, 1034.82629394531, 398.174560546875, -4.72347784042358
[pos], 14750, 1036.4736328125, 411.791778564453, -4.83277463912964
[pos], 14766, 1039.33764648438, 423.697235107422, -4.94846963882446
[pos], 14783, 1043.28881835938, 434.910980224609, -5.05116081237793
[pos], 14800, 1048.34167480469, 445.700439453125, -5.15036821365356
[pos], 14816, 1054.75476074219, 456.474639892578, -5.24929285049438
[pos], 14833, 1062.11645507813, 466.352416992188, -5.35286045074463
[pos], 14850, 1070.55310058594, 475.560607910156, -5.45408916473389
[pos], 14866, 1079.40258789063, 483.432556152344, -5.55617904663086
[pos], 14883, 1088.94506835938, 490.399719238281, -5.65253114700317
[pos], 14900, 1099.20166015625, 496.47802734375, -5.74820756912231
[pos], 14916, 1109.87255859375, 501.487030029297, -5.84430742263794
[pos], 14933, 1121.22778320313, 505.558654785156, -5.9388952255249
[pos], 14950, 1132.8642578125, 508.50439453125, -6.03524684906006
[pos], 14966, 1144.68774414063, 510.321594238281, -6.13068342208862
[pos], 14983, 1156.58740234375, 511.010406494141, -6.22536373138428
[pos], 15000, 1168.24255371094, 510.589447021484, -6.31928777694702
[pos], 15016, 1178.00109863281, 509.337341308594, -6.41079711914063
[pos], 15033, 1189.94909667969, 506.858734130859, -6.48773288726807
[pos], 15050, 1201.40734863281, 503.319458007813, -6.58277225494385
[pos], 15066, 1212.63745117188, 498.669342041016, -6.67576694488525
[pos], 15083, 1222.91394042969, 493.235076904297, -6.76960849761963
[pos], 15100, 1232.4853515625, 487.021484375, -6.8589882850647
[pos], 15116, 1241.92736816406, 479.644897460938, -6.94638729095459
[pos], 15133, 1250.74389648438, 471.355346679688, -7.03778266906738
[pos], 15150, 1257.42053222656, 463.808258056641, -7.12970352172852
[pos], 15166, 1265.16516113281, 453.578155517578, -7.20598602294922
[pos], 15183, 1271.44665527344, 443.361633300781, -7.30272388458252
[pos], 15200, 1276.93774414063, 432.312652587891, -7.39275932312012
[pos], 15216, 1281.41857910156, 420.725219726563, -7.48499822616577
[pos], 15233, 1284.90588378906, 408.436126708984, -7.57747936248779
[pos], 15250, 1286.80969238281, 398.081695556641, -7.67215204238892
[pos], 15266, 1288.09252929688, 385.800506591797, -7.74990272521973
[pos], 15283, 1288.2734375, 372.127197265625, -7.84075212478638
[pos], 15300, 1287.2099609375, 359.921325683594, -7.94088697433472
[pos], 15316, 1285.2421875, 348.871368408203, -8.03021717071533
[pos], 15333, 1282.18408203125, 337.271820068359, -8.11176109313965
[pos], 15350, 1278.21728515625, 326.220367431641, -8.19859790802002
[pos], 15366, 1278.21728515625, 326.220367431641, -8.19859790802002
[pos], 15383, 1267.78857421875, 305.699676513672, -8.37509727478027
[pos], 15400, 1261.51965332031, 296.429412841797, -8.44857978820801
[pos], 15416, 1261.51965332031, 296.429412841797, -8.44857978820801
[pos], 15433, 1245.56774902344, 278.146301269531, -8.62150192260742
[pos], 15450, 1237.03198242188, 270.601196289063, -8.70090961456299
[pos], 15466, 1227.76049804688, 263.648986816406, -8.78137302398682
[pos], 15483, 1217.41540527344, 257.136810302734, -8.86295223236084
[pos], 15500, 1206.91333007813, 251.721557617188, -8.94869899749756
[pos], 15516, 1206.91333007813, 251.721557617188, -8.94869899749756
[pos], 15533, 1194.71179199219, 246.656295776367, -9.03129291534424
[pos], 15550, 1182.27905273438, 242.789916992188, -9.1232738494873
[pos], 15566, 1171.76330566406, 240.535064697266, -9.21355056762695
[pos], 15583, 1157.8671875, 238.620788574219, -9.28788280487061
[pos], 15600, 1145.19348144531, 238.109298706055, -9.38444232940674
[pos], 15616, 1132.57006835938, 238.6982421875, -9.47139930725098
[pos], 15633, 1120.87768554688, 240.261749267578, -9.55771064758301
[pos], 15650, 1108.806640625, 242.875396728516, -9.63800716400146
[pos], 15666, 1097.05822753906, 246.47119140625, -9.7217903137207
[pos], 15683, 1087.82360839844, 250.160339355469, -9.80484676361084
[pos], 15700, 1076.80310058594, 255.444717407227, -9.87189292907715
[pos], 15716, 1066.49267578125, 261.475708007813, -9.9540491104126
[pos], 15733, 1056.67553710938, 268.326873779297, -10.0340805053711
[pos], 15750, 1047.78112792969, 275.656646728516, -10.1140327453613
[pos], 15766, 1038.76342773438, 284.331024169922, -10.1907749176025
[pos], 15783, 1030.99584960938, 293.155975341797, -10.2738161087036
[pos], 15800, 1023.78485107422, 302.760986328125, -10.3515920639038
[pos], 15816, 1018.35760498047, 311.326538085938, -10.4308042526245
[pos], 15833, 1011.88110351563, 323.236389160156, -10.4975109100342
[pos], 15850, 1006.90515136719, 334.710815429688, -10.5863933563232
[pos], 15866, 1003.07165527344, 345.995666503906, -10.66810131073
[pos], 15883, 1000.11975097656, 357.563446044922, -10.7457208633423
[pos], 15900, 997.994140625, 369.775421142578, -10.8232393264771
[pos], 15916, 996.937194824219, 381.218627929688, -10.9034719467163
[pos], 15933, 996.937194824219, 381.218627929688, -10.9034719467163
[pos], 15950, 996.697937011719, 394.556396484375, -10.9776391983032
[pos], 15966, 997.513427734375, 406.554016113281, -11.0634431838989
[pos], 15983, 999.257385253906, 418.499572753906, -11.1405429840088
[pos], 16000, 1001.79064941406, 429.715240478516, -11.2177143096924
[pos], 16016, 1005.16064453125, 440.788269042969, -11.2910108566284
[pos], 16033, 1009.54443359375, 452.123504638672, -11.364595413208
[pos], 16050, 1014.65325927734, 462.806701660156, -11.4416370391846
[pos], 16066, 1020.36553955078, 472.76220703125, -11.5164909362793
[pos], 16083, 1033.04187011719, 490.249053955078, -11.6562089920044
[pos], 16100, 1033.04187011719, 490.249053955078, -11.6562089920044
[pos], 16116, 1041.85583496094, 500.117340087891, -11.7245998382568
[pos], 16133, 1050.36254882813, 508.186492919922, -11.8073654174805
[pos], 16150, 1059.7080078125, 515.835083007813, -11.8804950714111
[pos], 16166, 1069.61145019531, 522.76806640625, -11.9556064605713
[pos], 16183, 1080.37536621094, 529.158752441406, -12.0305862426758
[pos], 16200, 1091.21459960938, 534.507080078125, -12.1079988479614
[pos], 16216, 1102.22790527344, 538.955017089844, -12.1825313568115
[pos], 16233, 1113.4658203125, 542.564697265625, -12.255576133728
[pos], 16250, 1125.52648925781, 545.495666503906, -12.3279733657837
[pos], 16266, 1137.82788085938, 547.51220703125, -12.4038887023926
[pos], 16283, 1150.6123046875, 548.620300292969, -12.4799137115479
[pos], 16300, 1163.12292480469, 548.725769042969, -12.5579414367676
[pos], 16316, 1175.97924804688, 547.857666015625, -12.6337919235229
[pos], 16333, 1186.21557617188, 546.359680175781, -12.7116813659668
[pos], 16350, 1197.90368652344, 543.896545410156, -12.7740707397461
[pos], 16366, 1209.73254394531, 540.500671386719, -12.8459358215332
[pos], 16383, 1219.60864257813, 536.857421875, -12.9197797775269
[pos], 16400, 1230.78479003906, 531.914184570313, -12.9828014373779
[pos], 16416, 1241.3193359375, 526.303100585938, -13.0557870864868
[pos], 16433, 1250.39404296875, 520.607177734375, -13.1268873214722
[pos], 16450, 1261.02136230469, 512.95263671875, -13.1905717849731
[pos], 16466, 1270.17456054688, 505.214141845703, -13.2682094573975
[pos], 16483, 1278.82556152344, 496.780029296875, -13.339072227478
[pos], 16500, 1286.54077148438, 488.104034423828, -13.4103212356567
[pos], 16516, 1294.19750976563, 478.208648681641, -13.4786233901978
[pos], 16533, 1301.11791992188, 467.763122558594, -13.552041053772
[pos], 16550, 1307.09680175781, 457.119384765625, -13.6253671646118
[pos], 16566, 1307.09680175781, 457.119384765625, -13.6253671646118
[pos], 16583, 1312.52355957031, 445.608459472656, -13.6966247558594
[pos], 16600, 1316.92919921875, 434.129364013672, -13.7707061767578
[pos], 16616, 1320.00573730469, 424.007476806641, -13.842095375061
[pos], 16633, 1322.81372070313, 412.216003417969, -13.9033889770508
[pos], 16650, 1324.759765625, 400.43505859375, -13.9734592437744
[pos], 16666, 1325.85949707031, 388.874938964844, -14.0423202514648
[pos], 16683, 1325.80126953125, 367.421997070313, -14.173544883728
[pos], 16700, 1324.71044921875, 355.985504150391, -14.2322635650635
[pos], 16716, 1322.67797851563, 343.455474853516, -14.2979717254639
[pos], 16733, 1320.16552734375, 332.878784179688, -14.3703937530518
[pos], 16750, 1320.16552734375, 332.878784179688, -14.3703937530518
[pos], 16766, 1316.30895996094, 320.192596435547, -14.4322834014893
[pos], 16783, 1312.001953125, 309.101623535156, -14.5075798034668
[pos], 16800, 1307.13427734375, 298.703125, -14.5749778747559
[pos], 16816, 1301.50341796875, 288.461853027344, -14.6398763656616
[pos], 16833, 1294.7197265625, 277.846374511719, -14.7057962417603
[pos], 16850, 1288.14367675781, 269.005126953125, -14.7766819000244
[pos], 16866, 1280.46801757813, 259.917877197266, -14.8385515213013
[pos], 16883, 1272.15075683594, 251.306610107422, -14.9052000045776
[pos], 16900, 1262.78845214844, 242.829223632813, -14.9721307754517
[pos], 16916, 1253.23486328125, 235.33171081543, -15.0425701141357
[pos], 16933, 1242.91796875, 228.306457519531, -15.1101408004761
[pos], 16950, 1232.39636230469, 222.162307739258, -15.179425239563
[pos], 16966, 1221.01989746094, 216.510803222656, -15.246901512146
[pos], 16983, 1210.04333496094, 211.987533569336, -15.317081451416
[pos], 17000, 1200.41943359375, 208.740081787109, -15.3825244903564
[pos], 17016, 1188.57666015625, 205.46826171875, -15.4384145736694
[pos], 17033, 1176.84680175781, 203.06510925293, -15.5058851242065
[pos], 17050, 1165.14270019531, 201.457855224609, -15.5714921951294
[pos], 17066, 1153.14001464844, 200.593688964844, -15.6360893249512
[pos], 17083, 1141.20520019531, 200.519500732422, -15.7017478942871
[pos], 17100, 1129.14965820313, 201.228775024414, -15.7667293548584
[pos], 17116, 1116.89916992188, 202.760360717773, -15.8323392868042
[pos], 17133, 1106.90954589844, 204.695053100586, -15.8992652893066
[pos], 17150, 1094.72863769531, 207.758209228516, -15.9543285369873
[pos], 17166, 1083.47705078125, 211.414489746094, -16.0221576690674
[pos], 17183, 1072.45922851563, 215.788986206055, -16.0859127044678
[pos], 17200, 1061.61401367188, 220.917297363281, -16.1496658325195
[pos], 17216, 1050.58422851563, 227.030349731445, -16.2140522003174
[pos], 17233, 1040.6953125, 233.419418334961, -16.2815818786621
[pos], 17250, 1032.39184570313, 239.55712890625, -16.3444976806641
[pos], 17266, 1022.22082519531, 247.979415893555, -16.3995838165283
[pos], 17283, 1013.23071289063, 256.557037353516, -16.4698848724365
[pos], 17300, 1004.57629394531, 265.980590820313, -16.5358810424805
[pos], 17316, 1004.57629394531, 265.980590820313, -16.5358810424805
[pos], 17333, 995.604248046875, 277.18798828125, -16.6036853790283
[pos], 17350, 988.960388183594, 286.916015625, -16.6795616149902
[pos], 17366, 982.738464355469, 297.364929199219, -16.7416839599609
[pos], 17383, 977.023071289063, 308.53125, -16.8056831359863
[pos], 17400, 972.039916992188, 320.084930419922, -16.8715591430664
[pos], 17416, 968.144592285156, 331.052642822266, -16.9374923706055
[pos], 17433, 964.742004394531, 342.867950439453, -16.998363494873
[pos], 17450, 962.048278808594, 355.131500244141, -17.0625381469727
[pos], 17466, 960.182739257813, 367.406463623047, -17.1279354095459
[pos], 17483, 959.1044921875, 379.871002197266, -17.1924667358398
[pos], 17500, 958.830322265625, 392.68017578125, -17.2573566436768
[pos], 17516, 959.394653320313, 405.238800048828, -17.3236656188965
[pos], 17533, 960.645263671875, 416.580047607422, -17.3885860443115
[pos], 17550, 962.722045898438, 428.777709960938, -17.4474029541016
[pos], 17566, 965.410522460938, 440.142120361328, -17.5110607147217
[pos], 17583, 969.0634765625, 452.282867431641, -17.5710296630859
[pos], 17600, 973.100708007813, 463.099060058594, -17.6360034942627
[pos], 17616, 978.121704101563, 474.455169677734, -17.6950607299805
[pos], 17633, 978.121704101563, 474.455169677734, -17.6950607299805
[pos], 17650, 984.418701171875, 486.559600830078, -17.7584533691406
[pos], 17666, 990.560363769531, 496.595001220703, -17.8279552459717
[pos], 17683, 997.120361328125, 506.000732421875, -17.887767791748
[pos], 17700, 1004.38262939453, 515.220153808594, -17.9459629058838
[pos], 17716, 1011.89575195313, 523.672119140625, -18.0054187774658
[pos], 17733, 1027.73510742188, 538.708129882813, -18.1193256378174
[pos], 17750, 1036.57189941406, 545.806030273438, -18.1728534698486
[pos], 17766, 1046.24584960938, 552.707153320313, -18.2299098968506
[pos], 17783, 1056.15246582031, 558.917114257813, -18.2896270751953
[pos], 17800, 1066.68664550781, 564.689392089844, -18.3482799530029
[pos], 17816, 1066.68664550781, 564.689392089844, -18.3482799530029
[pos], 17833, 1087.81066894531, 573.933349609375, -18.4708652496338
[pos], 17850, 1098.5849609375, 577.574584960938, -18.5236492156982
[pos], 17866, 1098.5849609375, 577.574584960938, -18.5236492156982
[pos], 17883, 1111.92407226563, 581.25537109375, -18.5803165435791
[pos], 17900, 1124.22241210938, 583.754028320313, -18.6491165161133
[pos], 17916, 1135.78295898438, 585.361633300781, -18.7113838195801
[pos], 17933, 1147.896484375, 586.337219238281, -18.7691917419434
[pos], 17950, 1160.12158203125, 586.585144042969, -18.8292789459229
[pos], 17966, 1172.98010253906, 586.069641113281, -18.8896236419678
[pos], 17983, 1186.46728515625, 584.669311523438, -18.953010559082
[pos], 18000, 1196.57434082031, 582.933288574219, -19.0196571350098
[pos], 18016, 1208.52111816406, 580.256408691406, -19.0699825286865
[pos], 18033, 1221.38500976563, 576.551635742188, -19.1299648284912
[pos], 18050, 1232.62780761719, 572.500366210938, -19.1954174041748
[pos], 18066, 1243.32568359375, 567.924560546875, -19.2537384033203
[pos], 18083, 1253.8310546875, 562.708190917969, -19.3104305267334
[pos], 18100, 1264.44030761719, 556.662841796875, -19.3674869537354
[pos], 18116, 1274.72961425781, 549.962341308594, -19.4267826080322
[pos], 18133, 1283.02502441406, 543.827819824219, -19.4863052368164
[pos], 18150, 1292.25280761719, 536.263000488281, -19.536247253418
[sad], 18150, detach, 1.0
[as], 18150, 0.80281734466553
[pos], 18166, 1302.28601074219, 527.021240234375, -19.5939197540283
[pos], 18183, 1310.72106933594, 519.251525878906, -19.5939197540283
[pos], 18200, 1318.96203613281, 511.66064453125, -19.5939197540283
[pos], 18216, 1327.63684082031, 503.670074462891, -19.5939197540283
[pos], 18233, 1335.93481445313, 496.026580810547, -19.5939197540283
[pos], 18250, 1344.78625488281, 487.873291015625, -19.5939197540283
[pos], 18266, 1354.41577148438, 479.003295898438, -19.5939197540283
[pos], 18283, 1362.39270019531, 471.655609130859, -19.5939197540283
[pos], 18300, 1370.66247558594, 464.038116455078, -19.5939197540283
[pos], 18316, 1379.77355957031, 455.645721435547, -19.5939197540283
[pos], 18333, 1379.77355957031, 455.645721435547, -19.5939197540283
[pos], 18350, 1389.8896484375, 446.327606201172, -19.5939197540283
[pos], 18366, 1399.60668945313, 437.377044677734, -19.5939197540283
[pos], 18383, 1408.59619140625, 429.096588134766, -19.5939197540283
[pos], 18400, 1417.15942382813, 421.208801269531, -19.5939197540283
[pos], 18416, 1426.42907714844, 412.670349121094, -19.5939197540283
[pos], 18433, 1434.43310546875, 405.297607421875, -19.5939197540283
[pos], 18450, 1444.86267089844, 395.690673828125, -19.5939197540283
[pos], 18466, 1454.4443359375, 386.864837646484, -19.5939197540283
[pos], 18483, 1463.69897460938, 378.340148925781, -19.5939197540283
[pos], 18500, 1471.90698242188, 370.779602050781, -19.5939197540283
[pos], 18516, 1480.98767089844, 362.415191650391, -19.5939197540283
[pos], 18533, 1489.994140625, 354.119079589844, -19.5939197540283
[pos], 18550, 1499.19006347656, 345.6484375, -19.5939197540283
[pos], 18566, 1499.19006347656, 345.6484375, -19.5939197540283
[pos], 18583, 1509.30871582031, 336.327941894531, -19.5939197540283
[pos], 18600, 1518.47839355469, 327.881500244141, -19.5939197540283
[pos], 18616, 1527.88696289063, 319.214996337891, -19.5939197540283
[pos], 18633, 1536.37292480469, 311.398376464844, -19.5939197540283
[pos], 18650, 1545.62963867188, 302.871795654297, -19.5939197540283
[pos], 18666, 1554.46313476563, 294.735046386719, -19.5939197540283
[pos], 18683, 1563.48608398438, 286.423767089844, -19.5939197540283
[pos], 18700, 1572.890625, 277.761077880859, -19.5939197540283
[pos], 18716, 1582.01916503906, 269.352569580078, -19.5939197540283
[pos], 18733, 1591.162109375, 260.930786132813, -19.5939197540283
[pos], 18750, 1600.35607910156, 252.462051391602, -19.5939197540283
[pos], 18766, 1610.14758300781, 244.923843383789, -19.5056552886963
[pos], 18783, 1619.00207519531, 239.116760253906, -19.4300193786621
[pos], 18800, 1629.73999023438, 233.342636108398, -19.3429336547852
[pos], 18816, 1639.62414550781, 228.973785400391, -19.2657432556152
[pos], 18833, 1650.99267578125, 225.075454711914, -19.1798973083496
[pos], 18850, 1661.13842773438, 222.425933837891, -19.1049976348877
[pos], 18866, 1674.05578613281, 220.315475463867, -19.0115070343018
[pos], 18883, 1686.41589355469, 219.406295776367, -18.922981262207
[pos], 18900, 1697.44567871094, 219.465408325195, -18.8441963195801
[pos], 18916, 1710.44470214844, 220.760467529297, -18.7502555847168
[pos], 18933, 1719.93383789063, 222.378311157227, -18.680685043335
[pos], 18950, 1731.47937011719, 225.396072387695, -18.5938949584961
[pos], 18966, 1741.44262695313, 228.83952331543, -18.5167942047119
[pos], 18983, 1752.95532226563, 234.061889648438, -18.423698425293
[pos], 19000, 1763.17199707031, 239.813613891602, -18.3368034362793
[pos], 19016, 1774.16845703125, 246.004364013672, -18.3368034362793
[pos], 19033, 1783.76672363281, 251.407958984375, -18.3368034362793
[pos], 19050, 1793.37866210938, 256.819274902344, -18.3368034362793
[pos], 19066, 1803.27038574219, 262.388092041016, -18.3368034362793
[pos], 19083, 1812.50109863281, 267.584808349609, -18.3368034362793
[pos], 19100, 1821.9775390625, 272.919830322266, -18.3368034362793
[pos], 19116, 1831.97094726563, 278.5458984375, -18.3368034362793
[pos], 19133, 1840.77490234375, 283.502349853516, -18.3368034362793
[pos], 19150, 1850.45812988281, 288.953826904297, -18.3368034362793
[pos], 19166, 1850.45812988281, 288.953826904297, -18.3368034362793
[pos], 19183, 1868.43505859375, 299.074462890625, -18.3368034362793
[pos], 19200, 1877.23071289063, 304.026245117188, -18.3368034362793
[pos], 19216, 1886.46728515625, 309.226257324219, -18.3368034362793
[pos], 19233, 1895.12976074219, 314.10302734375, -18.3368034362793
[pos], 19250, 1904.34460449219, 319.290802001953, -18.3368034362793
[pos], 19266, 1904.34460449219, 319.290802001953, -18.3368034362793
[pos], 19283, 1922.06884765625, 329.269165039063, -18.3368034362793
[pos], 19300, 1930.56286621094, 334.051116943359, -18.3368034362793
[pos], 19316, 1939.27502441406, 338.955902099609, -18.3368034362793
[pos], 19333, 1947.87963867188, 343.800140380859, -18.3368034362793
[pos], 19350, 1947.87963867188, 343.800140380859, -18.3368034362793
[pos], 19366, 1957.34143066406, 349.126953125, -18.3368034362793
[pos], 19383, 1973.1708984375, 358.03857421875, -18.3368034362793
[pos], 19400, 1980.84509277344, 362.358947753906, -18.3368034362793
[pos], 19416, 1988.86633300781, 366.874725341797, -18.3368034362793
[pos], 19433, 1997.19519042969, 371.563659667969, -18.3368034362793
[sad], 19433, attach, 0.615
[pos], 19450, 2005.4501953125, 376.211059570313, -18.3368034362793
[pos], 19466, 2013.78295898438, 371.272186279297, -19.3845958709717
[pos], 19483, 2013.78295898438, 371.272186279297, -19.3845958709717
[pos], 19500, 2024.46813964844, 366.507080078125, -19.2690391540527
[pos], 19516, 2033.98229980469, 363.759765625, -19.1306686401367
[pos], 19533, 2044.69213867188, 361.977630615234, -19.0144462585449
[pos], 19550, 2055.22705078125, 361.572509765625, -18.8879909515381
[pos], 19566, 2064.51904296875, 362.349487304688, -18.7661304473877
[pos], 19583, 2075.41186523438, 364.450347900391, -18.659029006958
[pos], 19600, 2085.75, 367.842193603516, -18.5325317382813
[pos], 19616, 2095.93310546875, 372.637817382813, -18.4094200134277
[pos], 19633, 2105.34350585938, 378.623229980469, -18.2830600738525
[pos], 19650, 2113.25415039063, 385.161895751953, -18.1588325500488
[pos], 19666, 2121.46948242188, 393.693054199219, -18.0452976226807
[pos], 19683, 2121.46948242188, 393.693054199219, -18.0452976226807
[pos], 19700, 2129.22875976563, 404.190368652344, -17.9152984619141
[pos], 19716, 2134.13427734375, 413.28564453125, -17.7733783721924
[pos], 19733, 2138.62280273438, 424.422882080078, -17.6618728637695
[pos], 19750, 2141.603515625, 435.880218505859, -17.5332851409912
[pos], 19766, 2143.11474609375, 447.552520751953, -17.4075241088867
[pos], 19783, 2143.17236328125, 459.800689697266, -17.2834644317627
[pos], 19800, 2141.67724609375, 471.859375, -17.1553955078125
[pos], 19816, 2138.94287109375, 482.594757080078, -17.0293636322021
[pos], 19833, 2134.34008789063, 494.694610595703, -16.91526222229
[pos], 19850, 2134.34008789063, 494.694610595703, -16.91526222229
[pos], 19866, 2128.6123046875, 505.285369873047, -16.7829895019531
[pos], 19883, 2120.86328125, 516.189758300781, -16.6609363555908
[pos], 19900, 2112.259765625, 525.382873535156, -16.526481628418
[pos], 19916, 2102.65844726563, 533.356018066406, -16.4009761810303
[pos], 19933, 2091.921875, 540.231201171875, -16.277530670166
[pos], 19950, 2080.53002929688, 545.656127929688, -16.1524028778076
[pos], 19966, 2069.45434570313, 549.345520019531, -16.0295104980469
[pos], 19983, 2057.04956054688, 551.971557617188, -15.9165782928467
[pos], 20000, 2057.04956054688, 551.971557617188, -15.9165782928467
[pos], 20016, 2042.55346679688, 553.233276367188, -15.7947835922241
[pos], 20033, 2029.65295410156, 552.565612792969, -15.6562528610229
[pos], 20050, 2017.11779785156, 550.3662109375, -15.5342712402344
[pos], 20066, 2004.44018554688, 546.541625976563, -15.4149627685547
[pos], 20083, 1992.07653808594, 541.076354980469, -15.2917442321777
[pos], 20100, 1980.65393066406, 534.213256835938, -15.1669301986694
[pos], 20116, 1970.42431640625, 526.222290039063, -15.0448179244995
[pos], 20133, 1962.33923339844, 518.204040527344, -14.9267158508301
[pos], 20150, 1954.21618652344, 508.292541503906, -14.8237209320068
[pos], 20166, 1954.21618652344, 508.292541503906, -14.8237209320068
[pos], 20183, 1946.45751953125, 496.224151611328, -14.7085266113281
[pos], 20200, 1940.61560058594, 483.923095703125, -14.5805463790894
[pos], 20216, 1936.30578613281, 471.039947509766, -14.4599924087524
[pos], 20233, 1933.59057617188, 457.877075195313, -14.3405904769897
[pos], 20250, 1932.41906738281, 444.307647705078, -14.2232847213745
[pos], 20266, 1932.79663085938, 432.489990234375, -14.1052322387695
[pos], 20283, 1934.59143066406, 419.159057617188, -14.0033397674561
[pos], 20300, 1934.59143066406, 419.159057617188, -14.0033397674561
[pos], 20316, 1937.82849121094, 406.430114746094, -13.8881359100342
[pos], 20333, 1942.30151367188, 394.575225830078, -13.7763643264771
[pos], 20350, 1947.38122558594, 384.525146484375, -13.6691732406616
[pos], 20366, 1955.71960449219, 371.307312011719, -13.5743751525879
[pos], 20383, 1963.6826171875, 361.725769042969, -13.4437580108643
[pos], 20400, 1972.09704589844, 353.502197265625, -13.3402986526489
[pos], 20416, 1982.71508789063, 344.973480224609, -13.2430744171143
[pos], 20433, 1992.73376464844, 338.624908447266, -13.1311807632446
[pos], 20450, 2004.3564453125, 332.752105712891, -13.0342416763306
[pos], 20466, 2004.3564453125, 332.752105712891, -13.0342416763306
[pos], 20483, 2017.52307128906, 327.765991210938, -12.9283752441406
[pos], 20500, 2029.017578125, 324.852355957031, -12.814621925354
[pos], 20516, 2041.19445800781, 322.975372314453, -12.719310760498
[pos], 20533, 2053.86596679688, 322.285614013672, -12.6207504272461
[pos], 20550, 2066.4794921875, 322.874176025391, -12.5197429656982
[pos], 20566, 2078.65625, 324.672515869141, -12.4197435379028
[pos], 20583, 2090.91479492188, 327.719665527344, -12.322732925415
[pos], 20600, 2103.17504882813, 332.093994140625, -12.2236595153809
[pos], 20616, 2113.45068359375, 336.985565185547, -12.1220798492432
[pos], 20633, 2125.11938476563, 343.865081787109, -12.0336561203003
[pos], 20650, 2135.27758789063, 351.388000488281, -11.9289312362671
[pos], 20666, 2143.98803710938, 359.256774902344, -11.8316898345947
[pos], 20683, 2152.62670898438, 368.600616455078, -11.741774559021
[pos], 20700, 2160.56494140625, 379.060882568359, -11.644736289978
[pos], 20716, 2160.56494140625, 379.060882568359, -11.644736289978
[pos], 20733, 2167.97290039063, 391.156768798828, -11.5450897216797
[pos], 20750, 2173.697265625, 403.238555908203, -11.4380435943604
[pos], 20766, 2177.908203125, 415.063568115234, -11.3376779556274
[sad], 20766, detach, 0.88166666666666
[as], 20766, 0.36965888738632
[pos], 20783, 2181.39477539063, 428.815368652344, -11.243878364563
[pos], 20800, 2184.14868164063, 439.677581787109, -11.243878364563
[pos], 20816, 2187.21948242188, 451.789672851563, -11.243878364563
[pos], 20833, 2190.30249023438, 463.949615478516, -11.243878364563
[pos], 20850, 2192.91357421875, 474.247894287109, -11.243878364563
[pos], 20866, 2196.4677734375, 488.266662597656, -11.243878364563
[pos], 20883, 2196.4677734375, 488.266662597656, -11.243878364563
[pos], 20900, 2199.71166992188, 501.061065673828, -11.243878364563
[pos], 20916, 2202.80493164063, 513.261962890625, -11.243878364563
[pos], 20933, 2205.9482421875, 525.659423828125, -11.243878364563
[pos], 20950, 2209.20776367188, 538.515563964844, -11.243878364563
[pos], 20966, 2212.31079101563, 550.754943847656, -11.243878364563
[pos], 20983, 2215.35546875, 562.763610839844, -11.243878364563
[pos], 21000, 2218.62451171875, 575.65771484375, -11.243878364563
[pos], 21016, 2221.65014648438, 587.591735839844, -11.243878364563
[pos], 21033, 2224.82250976563, 600.104553222656, -11.243878364563
[pos], 21050, 2224.82250976563, 600.104553222656, -11.243878364563
[pos], 21066, 2228.21313476563, 613.477722167969, -11.243878364563
[pos], 21083, 2231.36157226563, 625.896179199219, -11.243878364563
[pos], 21100, 2235.94213867188, 638.640869140625, -11.3406133651733
[pos], 21116, 2240.97021484375, 649.575317382813, -11.4265785217285
[pos], 21133, 2247.21484375, 660.464965820313, -11.5162439346313
[pos], 21150, 2254.2041015625, 670.506591796875, -11.6036338806152
[pos], 21166, 2262.56127929688, 680.41552734375, -11.6962242126465
[pos], 21183, 2270.41235351563, 688.346069335938, -11.7759342193604
[pos], 21200, 2280.19165039063, 696.569213867188, -11.8671989440918
[pos], 21216, 2290.5087890625, 703.769348144531, -11.9570636749268
[pos], 21233, 2300.22680664063, 709.449035644531, -12.0374641418457
[pos], 21250, 2311.82080078125, 716.22509765625, -12.0374641418457
[pos], 21266, 2320.67504882813, 721.400024414063, -12.0374641418457
[pos], 21283, 2331.76489257813, 727.881469726563, -12.0374641418457
[pos], 21300, 2342.80395507813, 734.333251953125, -12.0374641418457
[pos], 21316, 2342.80395507813, 734.333251953125, -12.0374641418457
[pos], 21333, 2355.85424804688, 741.960510253906, -12.0374641418457
[pos], 21350, 2367.09887695313, 748.532409667969, -12.0374641418457
[pos], 21366, 2378.53979492188, 755.219055175781, -12.0374641418457
[pos], 21383, 2390.25146484375, 762.06396484375, -12.0374641418457
[pos], 21400, 2401.89306640625, 768.867919921875, -12.0374641418457
[pos], 21416, 2411.6865234375, 774.591735839844, -12.0374641418457
[pos], 21433, 2423.23999023438, 781.344116210938, -12.0374641418457
[pos], 21450, 2423.23999023438, 781.344116210938, -12.0374641418457
[pos], 21466, 2435.28540039063, 788.383972167969, -12.0374641418457
[pos], 21483, 2446.35595703125, 794.854125976563, -12.0374641418457
[pos], 21500, 2457.669921875, 801.466613769531, -12.0374641418457
[pos], 21516, 2468.69018554688, 807.907470703125, -12.0374641418457
[pos], 21533, 2479.87866210938, 814.446472167969, -12.0374641418457
[pos], 21550, 2491.49072265625, 821.233093261719, -12.0374641418457
[pos], 21566, 2502.57153320313, 827.709228515625, -12.0374641418457
[pos], 21583, 2511.85986328125, 833.137756347656, -12.0374641418457
[pos], 21600, 2523.75415039063, 840.08935546875, -12.0374641418457
[pos], 21616, 2534.97216796875, 846.645690917969, -12.0374641418457
[pos], 21633, 2534.97216796875, 846.645690917969, -12.0374641418457
[pos], 21650, 2546.48095703125, 852.037475585938, -12.1282444000244
[pos], 21666, 2558.00610351563, 856.250671386719, -12.2158946990967
[pos], 21683, 2569.74633789063, 859.419372558594, -12.3027544021606
[pos], 21700, 2582.26904296875, 861.605285644531, -12.3935546875
[pos], 21716, 2594.24609375, 862.649230957031, -12.4794292449951
[pos], 21733, 2604.85180664063, 862.767822265625, -12.5551891326904
[pos], 21750, 2617.83032226563, 861.703369140625, -12.6482038497925
[pos], 21766, 2629.822265625, 859.66064453125, -12.7350940704346
[pos], 21783, 2641.78491210938, 856.515808105469, -12.8234443664551
[pos], 21800, 2653.77490234375, 852.163757324219, -12.9145545959473
[pos], 21816, 2665.36645507813, 846.711120605469, -13.0060548782349
[pos], 21833, 2675.92846679688, 840.565551757813, -13.0933399200439
[pos], 21850, 2687.29467773438, 833.952087402344, -13.0933399200439
[pos], 21866, 2695.58422851563, 829.128784179688, -13.0933399200439
[pos], 21883, 2706.73266601563, 822.64208984375, -13.0933399200439
[pos], 21900, 2717.5107421875, 816.370849609375, -13.0933399200439
[pos], 21916, 2728.41015625, 808.543151855469, -13.1891899108887
[pos], 21933, 2737.0888671875, 801.17138671875, -13.2705249786377
[pos], 21950, 2745.71630859375, 792.431518554688, -13.3582448959351
[pos], 21966, 2745.71630859375, 792.431518554688, -13.3582448959351
[pos], 21983, 2754.02514648438, 782.264038085938, -13.4520349502563
[pos], 22000, 2760.80590820313, 772.337036132813, -13.5379047393799
[pos], 22016, 2766.44897460938, 762.431457519531, -13.6193351745605
[pos], 22033, 2771.91650390625, 750.273498535156, -13.7145547866821
[pos], 22050, 2776.154296875, 737.8203125, -13.809154510498
[pos], 22066, 2778.85400390625, 727.188110351563, -13.8884944915771
[pos], 22083, 2780.76245117188, 715.597351074219, -13.9739847183228
[pos], 22100, 2781.67065429688, 704.44580078125, -14.0558996200562
[pos], 22116, 2782.66430664063, 692.24609375, -14.0558996200562
[pos], 22133, 2783.591796875, 680.8583984375, -14.0558996200562
[pos], 22150, 2784.61108398438, 668.3447265625, -14.0558996200562
[pos], 22166, 2785.43994140625, 658.169128417969, -14.0558996200562
[pos], 22183, 2786.4931640625, 645.238037109375, -14.0558996200562
[pos], 22200, 2787.4775390625, 633.1513671875, -14.0558996200562
[pos], 22216, 2787.42114257813, 621.904357910156, -14.1421747207642
[pos], 22233, 2786.49926757813, 611.32958984375, -14.2241144180298
[pos], 22250, 2784.5078125, 600.103759765625, -14.3127298355103
[sad], 22250, attach, 0.43666666666666
[pos], 22266, 2781.58569335938, 589.267272949219, -14.4005651473999
[pos], 22283, 2781.58569335938, 589.267272949219, -14.4005651473999
[pos], 22300, 2769.99829101563, 584.106384277344, -15.2889471054077
[pos], 22316, 2759.71459960938, 577.545715332031, -15.1400918960571
[pos], 22333, 2750.49340820313, 569.627380371094, -14.9984283447266
[pos], 22350, 2742.15551757813, 560.149597167969, -14.85866355896
[pos], 22366, 2734.98876953125, 549.158386230469, -14.7149753570557
[pos], 22383, 2730.14428710938, 538.596435546875, -14.5672168731689
[pos], 22400, 2726.8369140625, 527.920166015625, -14.437572479248
[pos], 22416, 2724.59106445313, 515.341613769531, -14.3138561248779
[pos], 22433, 2724.15698242188, 503.468872070313, -14.1737079620361
[pos], 22450, 2724.15698242188, 503.468872070313, -14.1737079620361
[pos], 22466, 2725.46704101563, 489.365905761719, -14.0445442199707
[pos], 22483, 2728.23803710938, 478.28271484375, -13.8921794891357
[pos], 22500, 2732.88671875, 466.182861328125, -13.7703638076782
[pos], 22516, 2738.8740234375, 455.321899414063, -13.6333560943604
[pos], 22533, 2746.59326171875, 444.817810058594, -13.5034151077271
[pos], 22550, 2755.541015625, 435.57373046875, -13.3680534362793
[pos], 22566, 2765.830078125, 427.434204101563, -13.2356462478638
[pos], 22583, 2776.96752929688, 420.826721191406, -13.1018228530884
[pos], 22599, 2787.78295898438, 416.196502685547, -12.970874786377
[pos], 22616, 2800.86010742188, 412.344909667969, -12.8528022766113
[pos], 22633, 2800.86010742188, 412.344909667969, -12.8528022766113
[pos], 22649, 2815.11865234375, 410.1787109375, -12.7171401977539
[pos], 22666, 2827.63916015625, 410.070343017578, -12.575026512146
[pos], 22683, 2840.47631835938, 411.536193847656, -12.4526748657227
[pos], 22699, 2853.154296875, 414.624938964844, -12.3273935317993
[pos], 22716, 2865.82641601563, 419.460083007813, -12.2018623352051
[pos], 22733, 2877.17749023438, 425.571868896484, -12.072452545166
[pos], 22749, 2886.74194335938, 432.341949462891, -11.950400352478
[pos], 22766, 2896.34204101563, 440.867584228516, -11.8401861190796
[pos], 22783, 2905.19604492188, 450.867950439453, -11.7202472686768
[pos], 22799, 2905.19604492188, 450.867950439453, -11.7202472686768
[pos], 22816, 2912.8720703125, 462.067840576172, -11.5964117050171
[pos], 22833, 2918.65649414063, 473.289978027344, -11.4715013504028
[pos], 22849, 2923.34936523438, 485.735260009766, -11.3561697006226
[pos], 22866, 2926.46704101563, 498.477416992188, -11.2355260848999
[pos], 22883, 2928.0322265625, 511.263366699219, -11.1173810958862
[pos], 22899, 2928.11669921875, 524.104614257813, -11.0021495819092
[pos], 22916, 2926.94848632813, 534.924621582031, -10.8880262374878
[pos], 22933, 2924.18872070313, 548.280578613281, -10.7918176651001
[pos], 22949, 2920.125, 560.398620605469, -10.6720142364502
[pos], 22966, 2920.125, 560.398620605469, -10.6720142364502
[pos], 22983, 2914.21459960938, 573.114501953125, -10.5604705810547
[pos], 22999, 2907.39282226563, 584.077514648438, -10.4389514923096
[pos], 23016, 2899.3818359375, 594.2353515625, -10.3277883529663
[pos], 23033, 2890.05639648438, 603.690795898438, -10.217098236084
[pos], 23049, 2880.36962890625, 611.514526367188, -10.1041812896729
[pos], 23066, 2871.37280273438, 617.333984375, -9.99892616271973
[pos], 23083, 2859.96459960938, 623.331115722656, -9.90876388549805
[pos], 23099, 2848.19506835938, 627.978881835938, -9.80087947845459
[pos], 23116, 2835.97802734375, 631.370300292969, -9.69555473327637
[pos], 23133, 2824.47192382813, 633.296020507813, -9.59060287475586
[pos], 23149, 2810.84814453125, 634.24755859375, -9.49450969696045
[pos], 23166, 2810.84814453125, 634.24755859375, -9.49450969696045
[pos], 23183, 2797.05859375, 633.666442871094, -9.38265991210938
[pos], 23199, 2784.40185546875, 631.695983886719, -9.27033424377441
[pos], 23216, 2773.08544921875, 628.708618164063, -9.16667938232422
[pos], 23233, 2760.2958984375, 624.005798339844, -9.07241630554199
[pos], 23249, 2748.68579101563, 618.231689453125, -8.96326637268066
[pos], 23266, 2738.0498046875, 611.492065429688, -8.8599796295166
[pos], 23283, 2728.32861328125, 603.875793457031, -8.76019096374512
[pos], 23299, 2718.96826171875, 594.94384765625, -8.66279220581055
[pos], 23316, 2710.8447265625, 585.440673828125, -8.5612621307373
[pos], 23333, 2703.57397460938, 575.0302734375, -8.4636344909668
[pos], 23349, 2697.37622070313, 563.9755859375, -8.36495494842529
[pos], 23366, 2697.37622070313, 563.9755859375, -8.36495494842529
[pos], 23383, 2691.55151367188, 550.681884765625, -8.26694202423096
[pos], 23399, 2687.69750976563, 538.28271484375, -8.15534114837646
[pos], 23416, 2685.0751953125, 525.48095703125, -8.0560359954834
[pos], 23433, 2683.7578125, 512.6875, -7.95658731460571
[pos], 23449, 2683.6884765625, 499.339385986328, -7.85918045043945
[pos], 23466, 2684.99291992188, 485.708251953125, -7.75858402252197
[pos], 23483, 2687.24389648438, 474.491790771484, -7.65592336654663
[pos], 23499, 2690.74926757813, 462.45849609375, -7.57051420211792
[pos], 23516, 2690.74926757813, 462.45849609375, -7.57051420211792
[pos], 23533, 2695.73364257813, 449.857147216797, -7.47732734680176
[pos], 23549, 2701.54858398438, 438.603485107422, -7.37705564498901
[pos], 23566, 2708.64990234375, 427.529815673828, -7.28375387191772
[pos], 23583, 2716.81298828125, 417.15576171875, -7.18730068206787
[pos], 23599, 2725.73852539063, 407.821411132813, -7.09096145629883
[pos], 23616, 2735.40576171875, 399.445526123047, -6.99712991714478
[pos], 23633, 2745.9775390625, 391.875640869141, -6.90459966659546
[pos], 23649, 2756.39916992188, 385.800628662109, -6.81094884872437
[pos], 23666, 2767.818359375, 380.407592773438, -6.72440814971924
[pos], 23683, 2780.412109375, 375.796508789063, -6.63416862487793
[pos], 23699, 2780.412109375, 375.796508789063, -6.63416862487793
[pos], 23716, 2793.45751953125, 372.387939453125, -6.53875637054443
[pos], 23733, 2806.64282226563, 370.258972167969, -6.44326877593994
[pos], 23749, 2820.0634765625, 369.372985839844, -6.34910583496094
[pos], 23766, 2833.14184570313, 369.74560546875, -6.25470304489136
[pos], 23783, 2845.6416015625, 371.251831054688, -6.16326236724854
[pos], 23799, 2858.357421875, 373.929809570313, -6.07561826705933
[pos], 23816, 2868.90087890625, 377.164367675781, -5.98551845550537
[pos], 23833, 2881.19018554688, 381.985900878906, -5.90930318832397
[pos], 23849, 2892.37109375, 387.592071533203, -5.81841135025024
[pos], 23866, 2892.37109375, 387.592071533203, -5.81841135025024
[pos], 23883, 2904.46997070313, 395.019287109375, -5.73262500762939
[pos], 23899, 2914.30078125, 402.4541015625, -5.6356782913208
[pos], 23916, 2923.5146484375, 410.722045898438, -5.55183744430542
[pos], 23933, 2932.29736328125, 420.045471191406, -5.46792602539063
[pos], 23949, 2940.54248046875, 430.473327636719, -5.38142395019531
[pos], 23966, 2946.6279296875, 439.769714355469, -5.2919979095459
[pos], 23983, 2953.05834960938, 451.399078369141, -5.2174916267395
[pos], 23999, 2958.20922851563, 463.048370361328, -5.12869930267334
[pos], 24016, 2962.37622070313, 475.154235839844, -5.0439076423645
[pos], 24033, 2965.36865234375, 487.041809082031, -4.95898532867432
[pos], 24049, 2967.4501953125, 499.499206542969, -4.87795066833496
[pos], 24066, 2967.4501953125, 499.499206542969, -4.87795066833496
[pos], 24083, 2968.59130859375, 513.324768066406, -4.79474306106567
[sad], 24083, detach, 0.80333333333333
[as], 24083, 0.77525323629379
[pos], 24099, 2968.47436523438, 526.7880859375, -4.70370721817017
[pos], 24116, 2968.3720703125, 538.583557128906, -4.70370721817017
[pos], 24133, 2968.25610351563, 551.952331542969, -4.70370721817017
[pos], 24149, 2968.15405273438, 563.717468261719, -4.70370721817017
[pos], 24166, 2968.02856445313, 578.169128417969, -4.70370721817017
[pos], 24183, 2967.92749023438, 589.805480957031, -4.70370721817017
[pos], 24199, 2967.81323242188, 602.959411621094, -4.70370721817017
[pos], 24216, 2967.71020507813, 614.821166992188, -4.70370721817017
[pos], 24233, 2967.59594726563, 627.988342285156, -4.70370721817017
[pos], 24249, 2967.59594726563, 627.988342285156, -4.70370721817017
[pos], 24266, 2967.47143554688, 642.338500976563, -4.70370721817017
[pos], 24283, 2967.35595703125, 655.626098632813, -4.70370721817017
[pos], 24299, 2967.24438476563, 668.465698242188, -4.70370721817017
[pos], 24316, 2967.13061523438, 681.572021484375, -4.70370721817017
[pos], 24333, 2967.0087890625, 695.595275878906, -4.70370721817017
[pos], 24349, 2966.8828125, 710.093811035156, -4.70370721817017
[pos], 24366, 2966.8828125, 710.093811035156, -4.70370721817017
[pos], 24383, 2966.76953125, 723.151123046875, -4.70370721817017
[pos], 24399, 2966.63061523438, 739.146911621094, -4.70370721817017
[pd], 24399, asteroid
[pos], 24416, 2966.51000976563, 753.029479980469, -4.70370721817017
[pos], 24433, 2966.51000976563, 753.029479980469, -4.70370721817017
[pos], 24449, 2966.51000976563, 753.029479980469, -4.70370721817017
[pos], 24466, 2966.51000976563, 753.029479980469, -4.70370721817017
[pos], 24483, 2966.51000976563, 753.029479980469, -4.70370721817017
[pos], 24499, 2966.51000976563, 753.029479980469, -4.70370721817017
[pos], 24516, 2966.51000976563, 753.029479980469, -4.70370721817017
[pos], 24533, 2966.51000976563, 753.029479980469, -4.70370721817017
[pos], 24549, 2966.51000976563, 753.029479980469, -4.70370721817017
[pos], 24566, 2966.51000976563, 753.029479980469, -4.70370721817017
[pos], 24583, 2966.51000976563, 753.029479980469, -4.70370721817017
[pos], 24599, 2966.51000976563, 753.029479980469, -4.70370721817017
[pos], 24616, 2966.51000976563, 753.029479980469, -4.70370721817017
[pos], 24633, 2966.51000976563, 753.029479980469, -4.70370721817017
[pos], 24649, 2966.51000976563, 753.029479980469, -4.70370721817017
[pos], 24666, 2966.51000976563, 753.029479980469, -4.70370721817017
[pos], 24683, 2966.51000976563, 753.029479980469, -4.70370721817017
[pos], 24699, 2966.51000976563, 753.029479980469, -4.70370721817017
[pos], 24716, 2966.51000976563, 753.029479980469, -4.70370721817017
[pos], 24733, 2966.51000976563, 753.029479980469, -4.70370721817017
[pos], 24749, 2966.51000976563, 753.029479980469, -4.70370721817017
[pos], 24766, 2966.51000976563, 753.029479980469, -4.70370721817017
[pos], 24783, 2966.51000976563, 753.029479980469, -4.70370721817017
[pos], 24799, 2966.51000976563, 753.029479980469, -4.70370721817017
[pos], 24816, 2966.51000976563, 753.029479980469, -4.70370721817017
[pos], 24833, 2966.51000976563, 753.029479980469, -4.70370721817017
[pos], 24849, 2966.51000976563, 753.029479980469, -4.70370721817017
[pos], 24866, 2966.51000976563, 753.029479980469, -4.70370721817017
[pos], 24883, 2966.51000976563, 753.029479980469, -4.70370721817017
[pos], 24899, 2966.51000976563, 753.029479980469, -4.70370721817017
[pos], 24916, 2966.51000976563, 753.029479980469, -4.70370721817017
[pos], 24933, 2966.51000976563, 753.029479980469, -4.70370721817017
[pos], 24949, 2966.51000976563, 753.029479980469, -4.70370721817017
[pos], 24966, 2966.51000976563, 753.029479980469, -4.70370721817017
[pos], 24983, 2966.51000976563, 753.029479980469, -4.70370721817017
[pos], 24999, 2966.51000976563, 753.029479980469, -4.70370721817017
[pos], 25016, 2966.51000976563, 753.029479980469, -4.70370721817017
[pos], 25033, 2966.51000976563, 753.029479980469, -4.70370721817017
[pos], 25049, 2966.51000976563, 753.029479980469, -4.70370721817017
[pos], 25066, 2966.51000976563, 753.029479980469, -4.70370721817017
[pos], 25083, 2966.51000976563, 753.029479980469, -4.70370721817017
[pos], 25099, 2966.51000976563, 753.029479980469, -4.70370721817017
[pos], 25116, 2966.51000976563, 753.029479980469, -4.70370721817017
[pos], 25133, 2966.51000976563, 753.029479980469, -4.70370721817017
[pos], 25149, 2966.51000976563, 753.029479980469, -4.70370721817017
[pos], 25166, 2966.51000976563, 753.029479980469, -4.70370721817017
[pos], 25183, 2966.51000976563, 753.029479980469, -4.70370721817017
[pos], 25199, 2966.51000976563, 753.029479980469, -4.70370721817017
[pos], 25216, 2966.51000976563, 753.029479980469, -4.70370721817017
[pos], 25233, 2966.51000976563, 753.029479980469, -4.70370721817017
[pos], 25249, 2966.51000976563, 753.029479980469, -4.70370721817017
[pos], 25266, 2966.51000976563, 753.029479980469, -4.70370721817017
[pos], 25283, 2966.51000976563, 753.029479980469, -4.70370721817017
[pos], 25299, 2966.51000976563, 753.029479980469, -4.70370721817017
[pos], 25316, 2966.51000976563, 753.029479980469, -4.70370721817017
[pos], 25333, 2966.51000976563, 753.029479980469, -4.70370721817017
[pos], 25349, 2966.51000976563, 753.029479980469, -4.70370721817017
[pos], 25366, 2966.51000976563, 753.029479980469, -4.70370721817017
[pos], 25383, 2966.51000976563, 753.029479980469, -4.70370721817017
[pos], 25399, 2966.51000976563, 753.029479980469, -4.70370721817017
[pos], 25416, 2966.51000976563, 753.029479980469, -4.70370721817017
[pos], 25433, 2966.51000976563, 753.029479980469, -4.70370721817017
[pos], 25449, 768.0, 384.0, 0.0
[pos], 25466, 768.0, 384.0, 0.0
[pos], 25483, 785.076599121094, 384.0, 0.0
[pos], 25499, 792.647277832031, 384.0, 0.0
[pos], 25516, 800.14892578125, 384.0, 0.0
[pos], 25533, 808.088806152344, 384.0, 0.0
[pos], 25549, 815.710388183594, 384.0, 0.0
[pos], 25566, 830.397766113281, 384.0, 0.0
[pos], 25583, 837.928833007813, 384.0, 0.0
[pos], 25599, 845.982055664063, 384.0, 0.0
[pos], 25616, 853.924194335938, 384.0, 0.0
[pos], 25633, 862.113891601563, 384.0, 0.0
[pos], 25649, 870.362731933594, 384.0, 0.0
[pos], 25666, 878.618835449219, 384.0, 0.0
[pos], 25683, 886.852905273438, 384.0, 0.0
[pos], 25699, 895.43603515625, 384.0, 0.0
[pos], 25716, 903.538513183594, 384.0, 0.0
[pos], 25733, 912.062622070313, 384.0, 0.0
[pos], 25749, 920.497741699219, 384.0, 0.0
[pos], 25766, 929.303771972656, 384.0, 0.0
[pos], 25783, 938.146484375, 384.0, 0.0
[pos], 25799, 946.781433105469, 384.0, 0.0
[pos], 25816, 955.62060546875, 384.0, 0.0
[pos], 25833, 964.030822753906, 384.0, 0.0
[pos], 25849, 973.644714355469, 384.0, 0.0
[pos], 25866, 982.699279785156, 384.0, 0.0
[pos], 25883, 992.490356445313, 384.0, 0.0
[pos], 25899, 1002.27288818359, 384.0, 0.0
[pos], 25916, 1011.63323974609, 384.0, 0.0
[pos], 25933, 1021.01104736328, 384.0, 0.0
[pos], 25949, 1030.61157226563, 384.0, 0.0
[pos], 25966, 1030.61157226563, 384.0, 0.0
[pos], 25983, 1039.93237304688, 384.0, 0.0
[pos], 25999, 1049.30798339844, 384.0, 0.0
[pos], 26016, 1058.85913085938, 384.0, 0.0
[sad], 26016, attach, 0.48
[pos], 26033, 1068.10681152344, 384.0, 0.0
[pos], 26049, 1068.10681152344, 393.623504638672, 1.57079637050629
[pos], 26066, 1069.20812988281, 403.223907470703, 1.45658421516418
[pos], 26083, 1071.49304199219, 413.064483642578, 1.34264373779297
[pos], 26099, 1074.71179199219, 421.980255126953, 1.22433960437775
[pos], 26116, 1079.111328125, 430.933013916016, 1.11404383182526
[pos], 26133, 1084.57580566406, 439.419555664063, 0.99872136116028
[pos], 26149, 1091.01098632813, 447.248687744141, 0.88281178474426
[pos], 26166, 1098.28247070313, 454.260375976563, 0.7672119140625
[pos], 26183, 1106.376953125, 460.448974609375, 0.65274798870087
[pos], 26199, 1114.09643554688, 465.055786132813, 0.53804689645767
[pos], 26216, 1123.99499511719, 469.6845703125, 0.43741235136986
[pos], 26233, 1134.52648925781, 473.126678466797, 0.31589382886887
[pos], 26249, 1143.71716308594, 474.928527832031, 0.19359707832336
[pos], 26266, 1155.68383789063, 476.018585205078, 0.09084107726812
[pos], 26283, 1166.99548339844, 475.565734863281, -0.04001221805811
[pos], 26299, 1166.99548339844, 475.565734863281, -0.04001221805811
[pos], 26316, 1179.27844238281, 473.55419921875, -0.16232641041279
[pos], 26333, 1190.67614746094, 470.082427978516, -0.29567396640778
[pos], 26349, 1200.72692871094, 465.566680908203, -0.42226499319077
[pos], 26366, 1210.73059082031, 459.590637207031, -0.53849643468857
[pos], 26383, 1220.02856445313, 452.366546630859, -0.66053080558777
[pos], 26399, 1227.07019042969, 445.359741210938, -0.78292012214661
[pos], 26416, 1234.69812011719, 436.027374267578, -0.88555628061295
[pos], 26433, 1240.82019042969, 426.296295166016, -1.00923693180084
[pos], 26449, 1246.00952148438, 415.398895263672, -1.12636816501617
[pos], 26466, 1249.93212890625, 403.654449462891, -1.24844861030579
[pos], 26483, 1252.01147460938, 393.2939453125, -1.37273287773132
[pos], 26499, 1253.14318847656, 381.115081787109, -1.47813367843628
[pos], 26516, 1252.84094238281, 370.518249511719, -1.59931170940399
[pos], 26533, 1251.25183105469, 358.631866455078, -1.70370137691498
[pos], 26549, 1248.37268066406, 347.367065429688, -1.82103252410889
[pos], 26566, 1244.03161621094, 335.946868896484, -1.93404591083527
[pos], 26583, 1238.33752441406, 325.041534423828, -2.05199646949768
[pos], 26599, 1231.55871582031, 315.114868164063, -2.16994214057922
[pos], 26616, 1223.74597167969, 306.091491699219, -2.28441476821899
[pos], 26633, 1215.49951171875, 298.497314453125, -2.39734959602356
[pos], 26649, 1206.451171875, 291.777465820313, -2.50280499458313
[pos], 26666, 1196.90319824219, 286.140045166016, -2.60823774337769
[pos], 26683, 1186.544921875, 281.387115478516, -2.71140217781067
[pos], 26699, 1175.35510253906, 277.620025634766, -2.81685757637024
[pos], 26716, 1163.99377441406, 275.125701904297, -2.92547726631165
[pos], 26733, 1152.25854492188, 273.832916259766, -3.03187346458435
[pos], 26749, 1140.46215820313, 273.805236816406, -3.1392457485199
[pos], 26766, 1128.22863769531, 275.086151123047, -3.24591660499573
[pos], 26783, 1116.05322265625, 277.743560791016, -3.35648107528687
[pos], 26799, 1104.81665039063, 281.544921875, -3.46780848503113
[pos], 26816, 1093.97412109375, 286.538208007813, -3.57316637039185
[pos], 26833, 1083.82727050781, 292.579315185547, -3.67860126495361
[pos], 26849, 1074.40771484375, 299.603515625, -3.7823383808136
[pos], 26866, 1066.24926757813, 307.104187011719, -3.88501143455505
[pos], 26883, 1058.47607421875, 315.772491455078, -3.98137998580933
[pos], 26899, 1051.42810058594, 325.433685302734, -4.08212471008301
[pos], 26916, 1051.42810058594, 325.433685302734, -4.08212471008301
[pos], 26933, 1044.73205566406, 336.932403564453, -4.18506145477295
[pos], 26949, 1040.41235351563, 346.776977539063, -4.29890012741089
[pos], 26966, 1036.38671875, 358.845062255859, -4.39041948318481
[pos], 26983, 1033.67163085938, 371.323913574219, -4.49814987182617
[pos], 26999, 1032.39929199219, 383.201446533203, -4.6056694984436
[pos], 27016, 1032.31811523438, 395.356689453125, -4.70571231842041
[pos], 27033, 1033.47338867188, 407.531005859375, -4.80699634552002
[pos], 27049, 1035.79833984375, 419.241668701172, -4.90837001800537
[pos], 27066, 1039.15270996094, 430.301910400391, -5.00685262680054
[pos], 27083, 1043.21740722656, 440.208343505859, -5.10174798965454
[pos], 27099, 1048.72766113281, 450.872497558594, -5.18930959701538
[pos], 27116, 1055.01843261719, 460.58740234375, -5.28702974319458
[pos], 27133, 1062.01477050781, 469.446838378906, -5.38082456588745
[pos], 27149, 1070.3193359375, 478.192443847656, -5.47192287445068
[pos], 27166, 1079.17553710938, 485.872192382813, -5.56880855560303
[pos], 27183, 1088.18896484375, 492.315521240234, -5.66255474090576
[pos], 27199, 1097.744140625, 497.944732666016, -5.75080299377441
[pos], 27216, 1117.14868164063, 506.212677001953, -5.92649698257446
[pos], 27233, 1127.68237304688, 509.216552734375, -6.00538921356201
[pos], 27249, 1138.68041992188, 511.352416992188, -6.09136819839478
[pos], 27266, 1150.21508789063, 512.558837890625, -6.1789755821228
[pos], 27283, 1161.70031738281, 512.718322753906, -6.26930236816406
[pos], 27299, 1173.27075195313, 511.846374511719, -6.35840368270874
[pos], 27316, 1184.71594238281, 509.942169189453, -6.44805240631104
[pos], 27333, 1196.20861816406, 506.956726074219, -6.53733730316162
[pos], 27349, 1207.58862304688, 502.865112304688, -6.62833881378174
[pos], 27366, 1218.6318359375, 497.700622558594, -6.72062873840332
[pos], 27383, 1228.83288574219, 491.722503662109, -6.81326866149902
[pos], 27399, 1238.15234375, 485.075408935547, -6.902747631073
[pos], 27416, 1246.83911132813, 477.671142578125, -6.98904609680176
[pos], 27433, 1255.65197753906, 468.748413085938, -7.07477903366089
[pos], 27449, 1255.65197753906, 468.748413085938, -7.07477903366089
[pos], 27466, 1264.52294921875, 457.898681640625, -7.16858577728271
[pos], 27483, 1271.42541503906, 447.388519287109, -7.27288055419922
[pos], 27499, 1276.59753417969, 437.644073486328, -7.36601495742798
[pos], 27516, 1281.92944335938, 425.259704589844, -7.44742870330811
[pos], 27533, 1285.57409667969, 413.782409667969, -7.54649829864502
[pos], 27549, 1288.15551757813, 402.204498291016, -7.63460445404053
[pos], 27566, 1289.73205566406, 390.413635253906, -7.72106599807739
[pos], 27583, 1290.28991699219, 378.433532714844, -7.80744934082031
[pos], 27599, 1289.83776855469, 367.19921875, -7.89421224594116
[pos], 27616, 1288.38732910156, 355.299102783203, -7.97527122497559
[pos], 27633, 1286.31298828125, 345.441986083984, -8.06139183044434
[pos], 27649, 1282.82580566406, 333.294830322266, -8.1335391998291
[pos], 27666, 1278.68298339844, 322.605682373047, -8.22373390197754
[pos], 27683, 1273.35192871094, 311.605316162109, -8.30525779724121
[pos], 27699, 1266.74060058594, 300.523040771484, -8.39187335968018
[pos], 27716, 1259.66271972656, 290.794403076172, -8.48294448852539
[pos], 27733, 1251.61694335938, 281.500579833984, -8.56753063201904
[pos], 27749, 1243.01953125, 273.144897460938, -8.653639793396
[pos], 27766, 1235.18737792969, 266.714202880859, -8.7373218536377
[pos], 27783, 1224.806640625, 259.351470947266, -8.80785751342773
[pos], 27799, 1214.78198242188, 253.496078491211, -8.8961353302002
[pos], 27816, 1204.17626953125, 248.393966674805, -8.97638607025146
[pos], 27833, 1193.27258300781, 244.198608398438, -9.05747509002686
[pos], 27849, 1182.06030273438, 240.888488769531, -9.13770961761475
[pos], 27866, 1170.826171875, 238.528778076172, -9.21774005889893
[pos], 27883, 1158.95788574219, 236.99284362793, -9.29607772827148
[pos], 27899, 1148.95764160156, 236.51953125, -9.37748336791992
[pos], 27916, 1136.75219726563, 236.77131652832, -9.44540405273438
[pos], 27933, 1124.75402832031, 238.013916015625, -9.52797508239746
[pos], 27949, 1112.9892578125, 240.209625244141, -9.60928916931152
[pos], 27966, 1100.72680664063, 243.53645324707, -9.68970394134521
[pos], 27983, 1089.7744140625, 247.534362792969, -9.77477836608887
[pos], 27999, 1078.84436035156, 252.518249511719, -9.85259342193604
[pos], 28016, 1068.28649902344, 258.392547607422, -9.93251705169678
[pos], 28033, 1059.91784667969, 263.969970703125, -10.0126438140869
[pos], 28049, 1050.44787597656, 271.234954833984, -10.0791711807251
[pos], 28066, 1041.60046386719, 279.202606201172, -10.157904624939
[pos], 28083, 1033.39331054688, 287.848541259766, -10.2362031936646
[pos], 28099, 1025.763671875, 297.260040283203, -10.3143577575684
[pos], 28116, 1019.70556640625, 306.076690673828, -10.3935422897339
[pos], 28133, 1013.67749023438, 316.310913085938, -10.4632720947266
[pos], 28149, 1008.60223388672, 326.682189941406, -10.5404767990112
[pos], 28166, 1004.90435791016, 335.933624267578, -10.6153163909912
[pos], 28183, 1001.15618896484, 347.404052734375, -10.6797428131104
[pos], 28199, 998.434020996094, 358.624359130859, -10.7575645446777
[pos], 28216, 996.494873046875, 370.359619140625, -10.8318119049072
[pos], 28233, 995.393737792969, 382.912811279297, -10.9080820083618
[pos], 28249, 995.309509277344, 395.041412353516, -10.9886322021484
[pos], 28266, 996.153442382813, 407.017425537109, -11.0659246444702
[pos], 28283, 997.882385253906, 418.723937988281, -11.1422071456909
[pos], 28299, 1000.23657226563, 429.172698974609, -11.2171821594238
[pos], 28316, 1003.86267089844, 441.355102539063, -11.284875869751
[pos], 28333, 1007.85089111328, 451.655975341797, -11.3649759292603
[pos], 28349, 1012.65563964844, 461.893005371094, -11.4344005584717
[pos], 28366, 1018.44464111328, 472.249114990234, -11.505298614502
[pos], 28383, 1024.95129394531, 482.096282958984, -11.5794820785522
[pos], 28399, 1032.77795410156, 492.232879638672, -11.6530799865723
[pos], 28416, 1039.95751953125, 500.141387939453, -11.7326965332031
[pos], 28433, 1047.54907226563, 507.464996337891, -11.7989339828491
[pos], 28449, 1058.38586425781, 516.632873535156, -11.8642053604126
[pos], 28466, 1068.39123535156, 523.694763183594, -11.951753616333
[pos], 28483, 1079.18896484375, 530.157287597656, -12.0270471572876
[pos], 28499, 1079.18896484375, 530.157287597656, -12.0270471572876
[pos], 28516, 1090.59484863281, 535.83935546875, -12.1041889190674
[pos], 28533, 1111.712890625, 543.555969238281, -12.2571020126343
[pos], 28549, 1122.47973632813, 546.274536132813, -12.3190450668335
[pos], 28566, 1134.33776855469, 548.431701660156, -12.3864231109619
[pos], 28583, 1145.8857421875, 549.672119140625, -12.4593667984009
[pos], 28599, 1193.15441894531, 546.351989746094, -12.7420196533203
[pos], 28616, 1205.08862304688, 543.326843261719, -12.8146305084229
[pos], 28633, 1216.77416992188, 539.433166503906, -12.8880062103271
[pos], 28649, 1229.04370117188, 534.320068359375, -12.9612188339233
[pos], 28666, 1241.53002929688, 527.920471191406, -13.0399923324585
[pos], 28683, 1252.34716796875, 521.19140625, -13.1228675842285
[pos], 28699, 1263.14306640625, 513.294860839844, -13.19788646698
[pos], 28716, 1272.13269042969, 505.567291259766, -13.2764167785645
[pos], 28733, 1280.83056640625, 496.972045898438, -13.3458337783813
[pos], 28749, 1280.83056640625, 496.972045898438, -13.3458337783813
[pos], 28766, 1289.94934082031, 486.573272705078, -13.4172592163086
[pos], 28783, 1296.69653320313, 477.499053955078, -13.4978017807007
[pos], 28799, 1304.84020996094, 464.896057128906, -13.5634860992432
[pos], 28816, 1311.73132324219, 451.87646484375, -13.6503667831421
[pos], 28833, 1316.1630859375, 441.447418212891, -13.7353458404541
[pos], 28849, 1320.51245117188, 429.018737792969, -13.8005447387695
[pos], 28866, 1323.94543457031, 416.168701171875, -13.8761100769043
[pos], 28883, 1323.94543457031, 416.168701171875, -13.8761100769043
[pos], 28899, 1327.51306152344, 392.824096679688, -14.0270767211914
[pos], 28916, 1328.03076171875, 382.527496337891, -14.0869331359863
[pos], 28933, 1327.92541503906, 369.927947998047, -14.1455316543579
[pos], 28949, 1326.92016601563, 357.360382080078, -14.2169857025146
[pos], 28966, 1326.92016601563, 357.360382080078, -14.2169857025146
[pos], 28983, 1324.87683105469, 343.943481445313, -14.2883014678955
[pos], 28999, 1322.20178222656, 332.398345947266, -14.3648548126221
[pos], 29016, 1318.93579101563, 321.625854492188, -14.4315376281738
[pos], 29033, 1314.66418457031, 310.193328857422, -14.4947462081909
[pos], 29049, 1309.69836425781, 299.248931884766, -14.5631237030029
[pos], 29066, 1304.568359375, 289.703399658203, -14.6303043365479
[pos], 29083, 1297.21044921875, 277.798614501953, -14.6907606124878
[pos], 29099, 1289.77270507813, 267.628936767578, -14.7686328887939
[pos], 29116, 1281.98962402344, 258.414428710938, -14.8385524749756
[pos], 29133, 1273.95324707031, 250.096267700195, -14.9053344726563
[pos], 29149, 1265.36645507813, 242.275772094727, -14.9692392349243
[pos], 29166, 1255.94360351563, 234.738342285156, -15.0332775115967
[pos], 29183, 1245.37231445313, 227.376617431641, -15.0996675491333
[pos], 29199, 1234.44323730469, 220.861129760742, -15.1703729629517
[pos], 29216, 1223.12268066406, 215.140213012695, -15.2400398254395
[pos], 29233, 1211.96606445313, 210.441131591797, -15.3093214035034
[pos], 29249, 1201.12475585938, 206.695358276367, -15.3752956390381
[pos], 29266, 1191.21301269531, 203.949188232422, -15.4376792907715
[pos], 29283, 1178.29833984375, 201.136520385742, -15.4935235977173
[pos], 29299, 1166.03930664063, 199.373504638672, -15.565128326416
[pos], 29316, 1154.6279296875, 198.505767822266, -15.6320676803589
[pos], 29333, 1142.41760253906, 198.332778930664, -15.6937971115112
[pos], 29349, 1130.22583007813, 198.962005615234, -15.7595281600952
[pos], 29366, 1118.38928222656, 200.354858398438, -15.825098991394
[pos], 29383, 1106.40075683594, 202.549011230469, -15.8889799118042
[pos], 29399, 1106.40075683594, 202.549011230469, -15.8889799118042
[pos], 29416, 1094.48010253906, 205.544708251953, -15.9541683197021
[pos], 29433, 1072.98706054688, 213.200103759766, -16.0825958251953
[pos], 29449, 1072.98706054688, 213.200103759766, -16.0825958251953
[pos], 29466, 1052.26232910156, 223.571533203125, -16.2052040100098
[pos], 29483, 1052.26232910156, 223.571533203125, -16.2052040100098
[pos], 29499, 1041.81787109375, 230.064788818359, -16.2641830444336
[pos], 29516, 1032.45031738281, 236.769790649414, -16.329195022583
[pos], 29533, 1023.55352783203, 243.993911743164, -16.3899726867676
[pos], 29549, 1014.18280029297, 252.590942382813, -16.4503269195557
[pos], 29566, 1006.84564208984, 260.285888671875, -16.5171585083008
[pos], 29583, 992.31201171875, 278.428741455078, -16.6350917816162
[pos], 29599, 986.099060058594, 287.826477050781, -16.6946144104004
[pos], 29616, 980.189880371094, 298.019927978516, -16.753396987915
[pos], 29633, 974.959838867188, 308.470825195313, -16.8147621154785
[pos], 29649, 974.959838867188, 308.470825195313, -16.8147621154785
[pos], 29666, 966.411926269531, 330.327484130859, -16.9378318786621
[pos], 29683, 966.411926269531, 330.327484130859, -16.9378318786621
[pos], 29699, 960.695007324219, 352.53857421875, -17.059103012085
[pos], 29716, 958.792419433594, 364.107482910156, -17.1157608032227
[pos], 29733, 957.584838867188, 375.836273193359, -17.1761627197266
[pos], 29749, 957.584838867188, 375.836273193359, -17.1761627197266
[pos], 29766, 957.072570800781, 388.035614013672, -17.2367935180664
[pos], 29783, 957.354736328125, 401.665191650391, -17.2994594573975
[pos], 29799, 958.52197265625, 414.526641845703, -17.3692665100098
[pos], 29816, 960.224304199219, 425.315979003906, -17.4352474212646
[pos], 29833, 962.938415527344, 437.913940429688, -17.4909553527832
[pos], 29849, 966.369750976563, 449.946746826172, -17.5565528869629
[pos], 29866, 970.599670410156, 461.853393554688, -17.6201114654541
[pos], 29883, 975.1962890625, 472.563659667969, -17.6841659545898
[pos], 29899, 980.900573730469, 483.951354980469, -17.7431392669678
[pos], 29916, 987.035461425781, 494.453247070313, -17.8074588775635
[pos], 29933, 993.651489257813, 504.334442138672, -17.8687610626221
[pos], 29949, 999.939270019531, 512.608581542969, -17.9285888671875
[pos], 29966, 1008.16412353516, 522.333312988281, -17.9807929992676
[sad], 29966, detach, 1.0
[as], 29966, 0.63258528709412
[pos], 29983, 1017.16613769531, 531.693359375, -18.0446586608887
[pos], 29999, 1024.13146972656, 538.935729980469, -18.0446586608887
[pos], 30016, 1032.19958496094, 547.324768066406, -18.0446586608887
[pos], 30033, 1039.99865722656, 555.434143066406, -18.0446586608887
[pos], 30049, 1047.92346191406, 563.674194335938, -18.0446586608887
[pos], 30066, 1056.0498046875, 572.123840332031, -18.0446586608887
[pos], 30083, 1062.73425292969, 579.074157714844, -18.0446586608887
[pos], 30099, 1071.34997558594, 588.032653808594, -18.0446586608887
[pos], 30116, 1078.76098632813, 595.738464355469, -18.0446586608887
[pos], 30133, 1086.66662597656, 603.958618164063, -18.0446586608887
[pos], 30149, 1094.76416015625, 612.378295898438, -18.0446586608887
[pos], 30166, 1102.40344238281, 620.321472167969, -18.0446586608887
[pos], 30183, 1110.24609375, 628.476135253906, -18.0446586608887
[pos], 30199, 1118.05053710938, 636.591003417969, -18.0446586608887
[pos], 30216, 1125.74182128906, 644.588195800781, -18.0446586608887
[pos], 30233, 1132.20483398438, 651.308349609375, -18.0446586608887
[pos], 30249, 1140.07946777344, 659.496215820313, -18.0446586608887
[pos], 30266, 1147.611328125, 667.327697753906, -18.0446586608887
[pos], 30283, 1155.18347167969, 675.201049804688, -18.0446586608887
[pos], 30299, 1161.82458496094, 682.106323242188, -18.0446586608887
[pos], 30316, 1168.99523925781, 689.562194824219, -18.0446586608887
[pos], 30333, 1176.49304199219, 697.358215332031, -18.0446586608887
[pos], 30349, 1183.0107421875, 704.13525390625, -18.0446586608887
[pos], 30366, 1190.21667480469, 711.627868652344, -18.0446586608887
[pos], 30383, 1197.28210449219, 718.974426269531, -18.0446586608887
[pos], 30399, 1203.84533691406, 725.798706054688, -18.0446586608887
[pos], 30416, 1210.90148925781, 733.135498046875, -18.0446586608887
[pos], 30433, 1217.26062011719, 739.747619628906, -18.0446586608887
[pos], 30449, 1224.15625, 746.917541503906, -18.0446586608887
[pos], 30466, 1231.28942871094, 754.33447265625, -18.0446586608887
[pos], 30483, 1237.33190917969, 760.617370605469, -18.0446586608887
[pos], 30499, 1244.01501464844, 767.566284179688, -18.0446586608887
[pos], 30516, 1250.97985839844, 774.808166503906, -18.0446586608887
[pos], 30533, 1257.36352539063, 781.445739746094, -18.0446586608887
[pos], 30549, 1264.35278320313, 788.713012695313, -18.0446586608887
[pos], 30566, 1270.39245605469, 794.992919921875, -18.0446586608887
[pos], 30583, 1277.08764648438, 801.954467773438, -18.0446586608887
[pos], 30599, 1283.83154296875, 808.966674804688, -18.0446586608887
[pos], 30616, 1289.9990234375, 815.379455566406, -18.0446586608887
[pos], 30633, 1296.61987304688, 822.263671875, -18.0446586608887
[pos], 30649, 1296.61987304688, 822.263671875, -18.0446586608887
[pos], 30666, 1302.98791503906, 828.885009765625, -18.0446586608887
[pos], 30683, 1308.97143554688, 835.106506347656, -18.0446586608887
[pos], 30699, 1315.62646484375, 842.026245117188, -18.0446586608887
[pos], 30716, 1326.86669921875, 853.713623046875, -18.0446586608887
[pos], 30733, 1332.62170410156, 859.697509765625, -18.0446586608887
[pos], 30749, 1338.32653808594, 865.629211425781, -18.0446586608887
[pos], 30766, 1344.27465820313, 871.81396484375, -18.0446586608887
[pos], 30783, 1350.04272460938, 877.8115234375, -18.0446586608887
[pos], 30799, 1355.88330078125, 883.884521484375, -18.0446586608887
[pos], 30816, 1361.43286132813, 889.654907226563, -18.0446586608887
[pos], 30833, 1361.43286132813, 889.654907226563, -18.0446586608887
[pos], 30849, 1374.05090332031, 899.843566894531, -18.2121829986572
[pos], 30866, 1374.05090332031, 899.843566894531, -18.2121829986572
[pos], 30883, 1387.80798339844, 907.593017578125, -18.3781337738037
[pos], 30899, 1395.20104980469, 910.601501464844, -18.4630832672119
[pos], 30916, 1402.63403320313, 912.924011230469, -18.5467090606689
[pos], 30933, 1402.63403320313, 912.924011230469, -18.5467090606689
[pos], 30949, 1410.30358886719, 914.620666503906, -18.6318397521973
[pos], 30966, 1417.92834472656, 915.645202636719, -18.7159843444824
[pos], 30983, 1425.58654785156, 916.020202636719, -18.8006286621094
[pos], 30999, 1440.04406738281, 914.966125488281, -18.9629573822021
[pos], 31016, 1440.04406738281, 914.966125488281, -18.9629573822021
[pos], 31033, 1447.462890625, 913.467529296875, -19.0488681793213
[pos], 31049, 1454.49243164063, 911.421691894531, -19.1327686309814
[pos], 31066, 1467.50537109375, 905.816223144531, -19.2976036071777
[pos], 31083, 1467.50537109375, 905.816223144531, -19.2976036071777
[pos], 31099, 1474.17810058594, 901.817321777344, -19.3894538879395
[pos], 31116, 1479.57263183594, 897.975646972656, -19.4683837890625
[pos], 31133, 1484.66552734375, 893.695678710938, -19.548433303833
[pos], 31149, 1491.17492675781, 888.225402832031, -19.548433303833
[pos], 31166, 1496.60119628906, 883.665344238281, -19.548433303833
[pos], 31183, 1501.71423339844, 879.368469238281, -19.548433303833
[pos], 31199, 1507.22570800781, 874.736755371094, -19.548433303833
[pos], 31216, 1512.71337890625, 870.125061035156, -19.548433303833
[pos], 31233, 1518.26330566406, 865.461059570313, -19.548433303833
[pos], 31249, 1523.95080566406, 860.681396484375, -19.548433303833
[pos], 31266, 1529.75524902344, 855.803527832031, -19.548433303833
[pos], 31283, 1535.4208984375, 851.042297363281, -19.548433303833
[pos], 31299, 1541.28210449219, 846.11669921875, -19.548433303833
[pos], 31316, 1547.927734375, 840.531921386719, -19.548433303833
[pos], 31333, 1554.40319824219, 835.090148925781, -19.548433303833
[pos], 31349, 1560.771484375, 829.738464355469, -19.548433303833
[pos], 31366, 1566.08349609375, 825.274353027344, -19.548433303833
[pos], 31383, 1572.90405273438, 819.542541503906, -19.548433303833
[pos], 31399, 1579.22839355469, 814.227783203125, -19.548433303833
[pos], 31416, 1585.58911132813, 808.882446289063, -19.548433303833
[pos], 31433, 1591.23486328125, 804.137939453125, -19.548433303833
[pos], 31449, 1597.53356933594, 798.844665527344, -19.548433303833
[pos], 31466, 1604.18334960938, 793.25634765625, -19.548433303833
[pos], 31483, 1610.69128417969, 787.787231445313, -19.548433303833
[pos], 31499, 1616.58190917969, 782.8369140625, -19.548433303833
[pos], 31516, 1623.65966796875, 776.888916015625, -19.548433303833
[pos], 31533, 1629.84765625, 771.688659667969, -19.548433303833
[pos], 31549, 1636.94287109375, 765.72607421875, -19.548433303833
[pos], 31566, 1643.92919921875, 759.855041503906, -19.548433303833
[pos], 31583, 1643.92919921875, 759.855041503906, -19.548433303833
[pos], 31599, 1651.08093261719, 753.844909667969, -19.548433303833
[pos], 31616, 1658.73840332031, 747.409790039063, -19.548433303833
[pos], 31633, 1664.67260742188, 742.4228515625, -19.548433303833
[pos], 31649, 1671.6806640625, 736.533508300781, -19.548433303833
[pos], 31666, 1678.55065917969, 730.760131835938, -19.548433303833
[pos], 31683, 1685.251953125, 725.128601074219, -19.548433303833
[pos], 31699, 1693.62927246094, 718.088562011719, -19.548433303833
[pos], 31716, 1699.75354003906, 712.94189453125, -19.548433303833
[pos], 31733, 1707.97277832031, 706.034729003906, -19.548433303833
[pos], 31749, 1715.62646484375, 699.602783203125, -19.548433303833
[pos], 31766, 1721.69506835938, 694.502868652344, -19.548433303833
[pos], 31783, 1729.81530761719, 687.678894042969, -19.548433303833
[pos], 31799, 1736.85876464844, 681.759765625, -19.548433303833
[pos], 31816, 1744.75, 675.128234863281, -19.548433303833
[pos], 31833, 1751.69970703125, 669.287902832031, -19.548433303833
[pos], 31849, 1759.97912597656, 662.330078125, -19.548433303833
[pos], 31866, 1767.14428710938, 656.308654785156, -19.548433303833
[pos], 31883, 1774.40344238281, 650.208312988281, -19.548433303833
[pos], 31899, 1782.85461425781, 643.106201171875, -19.548433303833
[pos], 31916, 1789.369140625, 637.631591796875, -19.548433303833
[pos], 31933, 1798.07336425781, 630.316772460938, -19.548433303833
[pos], 31949, 1806.82312011719, 622.963684082031, -19.548433303833
[pos], 31966, 1814.41662597656, 616.582275390625, -19.548433303833
[pos], 31983, 1822.55114746094, 609.746215820313, -19.548433303833
[pos], 31999, 1831.03735351563, 602.614685058594, -19.548433303833
[pos], 32016, 1839.92211914063, 595.148132324219, -19.548433303833
[pos], 32033, 1847.32434082031, 588.927490234375, -19.548433303833
[pos], 32049, 1854.13073730469, 583.207580566406, -19.548433303833
[pos], 32066, 1862.80810546875, 575.915405273438, -19.548433303833
[pos], 32083, 1871.10510253906, 568.942810058594, -19.548433303833
[pos], 32099, 1879.33801269531, 562.024169921875, -19.548433303833
[pos], 32116, 1887.76831054688, 554.939636230469, -19.548433303833
[pos], 32133, 1894.791015625, 549.037963867188, -19.548433303833
[pos], 32149, 1902.650390625, 542.433227539063, -19.548433303833
[pos], 32166, 1910.65515136719, 535.706298828125, -19.548433303833
[pos], 32183, 1910.65515136719, 535.706298828125, -19.548433303833
[pos], 32199, 1918.49755859375, 529.11572265625, -19.548433303833
[pos], 32216, 1926.2177734375, 522.627807617188, -19.548433303833
[pos], 32233, 1934.2529296875, 515.875244140625, -19.548433303833
[pos], 32249, 1941.41882324219, 509.853240966797, -19.548433303833
[pos], 32266, 1948.61511230469, 503.805725097656, -19.548433303833
[pos], 32283, 1961.42248535156, 493.042816162109, -19.548433303833
[pos], 32299, 1961.42248535156, 493.042816162109, -19.548433303833
[sad], 32299, attach, 0.3
[pos], 32316, 1968.75646972656, 486.879577636719, -19.548433303833
[pos], 32333, 1964.76281738281, 478.739898681641, -20.8764801025391
[pos], 32349, 1960.51586914063, 467.240081787109, -20.7741203308105
[pos], 32366, 1958.29797363281, 457.155578613281, -20.636833190918
[pos], 32383, 1957.201171875, 446.409881591797, -20.522066116333
[pos], 32399, 1957.37878417969, 436.265411376953, -20.4028415679932
[pos], 32416, 1958.74133300781, 425.743377685547, -20.2915782928467
[pos], 32433, 1961.20227050781, 415.873840332031, -20.1759853363037
[pos], 32449, 1964.3896484375, 407.262115478516, -20.065860748291
[pos], 32466, 1969.00463867188, 397.790191650391, -19.966968536377
[pos], 32483, 1974.68017578125, 388.860900878906, -19.8541641235352
[pos], 32499, 1981.33764648438, 380.607025146484, -19.741605758667
[pos], 32516, 1981.33764648438, 380.607025146484, -19.741605758667
[pos], 32533, 1989.56091308594, 372.472869873047, -19.6295032501221
[pos], 32549, 1998.21630859375, 365.775787353516, -19.5080852508545
[pos], 32566, 2007.77392578125, 359.989013671875, -19.3939819335938
[pos], 32583, 2018.07446289063, 355.281066894531, -19.278263092041
[pos], 32599, 2028.78100585938, 351.825500488281, -19.1617565155029
[pos], 32616, 2040.17895507813, 349.547790527344, -19.0467929840088
[pos], 32633, 2051.50903320313, 348.647705078125, -18.9288291931152
[pos], 32649, 2062.84423828125, 349.048065185547, -18.8142509460449
[pos], 32666, 2074.23754882813, 350.757232666016, -18.7006511688232
[pos], 32683, 2084.49096679688, 353.523773193359, -18.5860157012939
[pos], 32699, 2095.03076171875, 357.594757080078, -18.4809627532959
[pos], 32716, 2095.03076171875, 357.594757080078, -18.4809627532959
[pos], 32733, 2105.70361328125, 363.146942138672, -18.3698616027832
[pos], 32749, 2115.92651367188, 370.098999023438, -18.2523498535156
[pos], 32766, 2123.9091796875, 377.059600830078, -18.1324501037598
[pos], 32783, 2133.06298828125, 386.854583740234, -18.0303344726563
[pos], 32799, 2140.474609375, 397.165161132813, -17.9020080566406
[pos], 32816, 2146.26684570313, 407.701721191406, -17.7813854217529
[pos], 32833, 2150.75805664063, 418.653472900391, -17.6679344177246
[pos], 32849, 2154.09936523438, 430.352966308594, -17.5569438934326
[pos], 32866, 2156.1005859375, 442.385192871094, -17.4435768127441
[pos], 32883, 2156.71728515625, 454.260559082031, -17.3306541442871
[pos], 32899, 2156.0283203125, 466.224243164063, -17.2212371826172
[pos], 32916, 2154.28442382813, 476.561157226563, -17.1116352081299
[pos], 32933, 2150.9560546875, 488.947143554688, -17.0162372589111
[pos], 32949, 2146.62524414063, 499.836242675781, -16.9002246856689
[pos], 32966, 2141.21948242188, 510.121459960938, -16.7948513031006
[pos], 32983, 2134.65576171875, 519.971069335938, -16.6909408569336
[pos], 32999, 2127.8779296875, 528.131958007813, -16.58567237854
[pos], 33016, 2119.5302734375, 536.453125, -16.4917736053467
[pos], 33033, 2110.1494140625, 544.039306640625, -16.3879737854004
[pos], 33049, 2099.5341796875, 550.908752441406, -16.2823143005371
[pos], 33066, 2088.99267578125, 556.187683105469, -16.1722316741943
[pos], 33083, 2076.83056640625, 560.795959472656, -16.0701522827148
[pos], 33099, 2076.83056640625, 560.795959472656, -16.0701522827148
[pos], 33116, 2064.52001953125, 563.942565917969, -15.9582052230835
[pos], 33133, 2051.77709960938, 565.758239746094, -15.849494934082
[pos], 33149, 2039.17517089844, 566.162475585938, -15.7400274276733
[pos], 33166, 2027.73327636719, 565.307983398438, -15.6334180831909
[pos], 33183, 2013.64721679688, 562.874389648438, -15.5368871688843
[pos], 33199, 2003.03076171875, 559.699584960938, -15.4173812866211
[pos], 33216, 1991.33264160156, 554.990051269531, -15.3252258300781
[pos], 33233, 1980.49365234375, 549.249206542969, -15.2208776473999
[pos], 33249, 1970.61059570313, 542.659851074219, -15.1199140548706
[pos], 33266, 1961.04760742188, 534.841552734375, -15.0226106643677
[pos], 33283, 1952.56372070313, 526.346801757813, -14.9219274520874
[pos], 33299, 1944.96459960938, 517.090148925781, -14.8245420455933
[pos], 33316, 1938.16442871094, 506.948944091797, -14.7278518676758
[pos], 33333, 1932.22143554688, 495.875854492188, -14.6297435760498
[pos], 33349, 1927.57055664063, 484.628631591797, -14.5292673110962
[pos], 33366, 1924.46057128906, 474.403533935547, -14.4324264526367
[pos], 33383, 1921.76171875, 461.775817871094, -14.3477249145508
[pos], 33399, 1920.47106933594, 449.948120117188, -14.2458620071411
[pos], 33416, 1920.28295898438, 437.634460449219, -14.1524419784546
[pos], 33433, 1921.26623535156, 425.518798828125, -14.0561847686768
[pos], 33449, 1921.26623535156, 425.518798828125, -14.0561847686768
[pos], 33466, 1923.40502929688, 413.4619140625, -13.9616041183472
[pos], 33483, 1927.0947265625, 400.151458740234, -13.866753578186
[pos], 33499, 1931.67358398438, 388.581359863281, -13.7603273391724
[pos], 33516, 1936.60595703125, 378.925140380859, -13.6649227142334
[pos], 33533, 1943.43383789063, 367.914001464844, -13.5821027755737
[pos], 33549, 1951.48583984375, 357.400634765625, -13.4835748672485
[pos], 33566, 1960.53918457031, 347.756225585938, -13.3833694458008
[pos], 33583, 1969.97387695313, 339.524627685547, -13.2837724685669
[pos], 33599, 1980.51342773438, 331.943542480469, -13.1899309158325
[pos], 33616, 1991.71740722656, 325.428466796875, -13.093074798584
[pos], 33633, 2002.31042480469, 320.564361572266, -12.9968338012695
[pos], 33649, 2014.29040527344, 316.269165039063, -12.9106245040894
[pos], 33666, 2014.29040527344, 316.269165039063, -12.9106245040894
[pos], 33683, 2027.80932617188, 312.809722900391, -12.8168926239014
[pos], 33699, 2040.00244140625, 310.988677978516, -12.7146244049072
[pos], 33716, 2051.86206054688, 310.296417236328, -12.6246757507324
[pos], 33733, 2064.4619140625, 310.649810791016, -12.5383319854736
[pos], 33749, 2076.93627929688, 312.144897460938, -12.4470863342285
[pos], 33766, 2089.41943359375, 314.8037109375, -12.3565130233765
[pos], 33783, 2101.41430664063, 318.533721923828, -12.2648849487305
[pos], 33799, 2113.27685546875, 323.427856445313, -12.1750726699829
[pos], 33816, 2124.49194335938, 329.3046875, -12.083701133728
[pos], 33833, 2135.3173828125, 336.281005859375, -11.993914604187
[pos], 33849, 2144.20703125, 343.228881835938, -11.9029626846313
[pos], 33866, 2153.42602539063, 351.694213867188, -11.823558807373
[pos], 33883, 2162.04248046875, 361.126770019531, -11.7357931137085
[pos], 33899, 2162.04248046875, 361.126770019531, -11.7357931137085
[pos], 33916, 2169.59545898438, 371.041870117188, -11.6465606689453
[pos], 33933, 2176.576171875, 382.071350097656, -11.5598363876343
[pos], 33949, 2182.396484375, 393.422241210938, -11.4693775177002
[pos], 33966, 2187.37622070313, 405.684600830078, -11.3813238143921
[pos], 33983, 2190.57739257813, 416.228088378906, -11.2903356552124
[pos], 33999, 2193.38842773438, 428.8427734375, -11.2148313522339
[pos], 34016, 2195.03369140625, 441.328552246094, -11.1265850067139
[pos], 34033, 2195.607421875, 453.972229003906, -11.0409164428711
[pos], 34049, 2195.1259765625, 465.870208740234, -10.9551362991333
[pos], 34066, 2193.56616210938, 478.711822509766, -10.8747043609619
[pos], 34083, 2190.9765625, 490.985626220703, -10.7876415252686
[pos], 34099, 2187.69213867188, 501.910461425781, -10.7035226821899
[pos], 34116, 2183.11669921875, 513.766052246094, -10.6272611618042
[pos], 34133, 2183.11669921875, 513.766052246094, -10.6272611618042
[pos], 34149, 2177.30395507813, 525.708374023438, -10.542594909668
[pos], 34166, 2170.06201171875, 537.758483886719, -10.4544382095337
[pos], 34183, 2162.73095703125, 547.727844238281, -10.3615140914917
[pos], 34199, 2154.35229492188, 557.366882324219, -10.2800207138062
[pos], 34216, 2144.9677734375, 566.49267578125, -10.1962022781372
[pos], 34233, 2135.306640625, 574.398803710938, -10.1106042861938
[pos], 34249, 2124.83276367188, 581.633361816406, -10.0292510986328
[pos], 34266, 2113.93627929688, 587.898376464844, -9.94657611846924
[pos], 34283, 2102.95532226563, 593.073852539063, -9.86521625518799
[pos], 34299, 2092.23022460938, 597.136596679688, -9.78688430786133
[pos], 34316, 2080.89916992188, 600.4970703125, -9.71308994293213
[pos], 34333, 2068.39990234375, 603.193603515625, -9.63725757598877
[pos], 34349, 2057.77905273438, 604.589660644531, -9.55547714233398
[pos], 34366, 2045.4306640625, 605.36083984375, -9.48714733123779
[pos], 34383, 2032.93664550781, 605.156860351563, -9.40845203399658
[pos], 34399, 2020.48059082031, 603.962951660156, -9.32922077178955
[pos], 34416, 2020.48059082031, 603.962951660156, -9.32922077178955
[pos], 34433, 2006.85424804688, 601.55859375, -9.2501277923584
[pos], 34449, 1994.98510742188, 598.378295898438, -9.16297912597656
[pos], 34466, 1982.89196777344, 594.114929199219, -9.08583927154541
[pos], 34483, 1971.50500488281, 589.040954589844, -9.00559329986572
[pos], 34499, 1960.45739746094, 583.049194335938, -8.92781925201416
[pos], 34516, 1949.64660644531, 576.041320800781, -8.84964942932129
[pos], 34533, 1939.94348144531, 568.588012695313, -8.7697696685791
[pos], 34549, 1930.03735351563, 559.711303710938, -8.69413280487061
[pos], 34566, 1921.36291503906, 550.551452636719, -8.61216831207275
[pos], 34583, 1914.55847167969, 542.148864746094, -8.5346736907959
[pos], 34599, 1907.42529296875, 532.038757324219, -8.46841907501221
[pos], 34616, 1901.97497558594, 522.921875, -8.39279842376709
[pos], 34633, 1896.17395019531, 511.615417480469, -8.32803535461426
[pos], 34649, 1891.91845703125, 501.459197998047, -8.25076103210449
[pos], 34666, 1887.90283203125, 489.735015869141, -8.18396663665771
[pos], 34683, 1885.17590332031, 479.274505615234, -8.1089916229248
[pos], 34699, 1882.75183105469, 466.653900146484, -8.04374599456787
[pos], 34716, 1881.34240722656, 454.168212890625, -7.96639013290405
[pos], 34733, 1880.89392089844, 442.051818847656, -7.89097595214844
[pos], 34749, 1880.89392089844, 442.051818847656, -7.89097595214844
[pos], 34766, 1881.34704589844, 429.323394775391, -7.81840133666992
[pos], 34783, 1882.79724121094, 416.383697509766, -7.74237871170044
[pos], 34799, 1885.08337402344, 404.43798828125, -7.66488933563232
[pos], 34816, 1888.2900390625, 392.445495605469, -7.59270572662354
[pos], 34833, 1892.24426269531, 381.077789306641, -7.51922702789307
[pos], 34849, 1897.22497558594, 369.485687255859, -7.44816970825195
[pos], 34866, 1902.96374511719, 358.465362548828, -7.37388134002686
[pos], 34883, 1909.28393554688, 348.227416992188, -7.30092000961304
[pos], 34899, 1916.34729003906, 338.407073974609, -7.23044776916504
[pos], 34916, 1924.48645019531, 328.629608154297, -7.15977096557617
[pos], 34933, 1932.9970703125, 319.823577880859, -7.08563995361328
[pos], 34949, 1942.20874023438, 311.55859375, -7.01446437835693
[pos], 34966, 1952.39245605469, 303.662506103516, -6.94272041320801
[pos], 34983, 1961.49060058594, 297.636047363281, -6.86822032928467
[pos], 34999, 1972.87805175781, 291.08447265625, -6.80527019500732
[pos], 35016, 1972.87805175781, 291.08447265625, -6.80527019500732
[pos], 35033, 1984.30407714844, 285.614379882813, -6.72968196868896
[pos], 35049, 1996.72607421875, 280.741851806641, -6.6569938659668
[pos], 35066, 2008.89050292969, 277.012756347656, -6.58064556121826
[pos], 35083, 2020.42407226563, 274.374725341797, -6.50804471969604
[pos], 35099, 2032.39526367188, 272.473419189453, -6.4406943321228
[pos], 35116, 2044.41516113281, 271.404815673828, -6.37185478210449
[pos], 35133, 2056.70678710938, 271.155303955078, -6.30348253250122
[pos], 35149, 2069.50756835938, 271.785552978516, -6.23399114608765
[pos], 35166, 2082.79370117188, 273.407165527344, -6.16173267364502
[pos], 35183, 2095.30444335938, 275.900360107422, -6.08647775650024
[pos], 35199, 2108.07080078125, 279.409393310547, -6.01494312286377
[pos], 35216, 2118.876953125, 283.259735107422, -5.94089889526367
[pos], 35233, 2118.876953125, 283.259735107422, -5.94089889526367
[pos], 35249, 2131.38354492188, 288.640502929688, -5.8768892288208
[pos], 35266, 2144.72583007813, 295.621765136719, -5.80111789703369
[pos], 35283, 2155.53271484375, 302.481658935547, -5.71758794784546
[pos], 35299, 2164.53515625, 309.134124755859, -5.64678525924683
[pos], 35316, 2175.06689453125, 317.972198486328, -5.58499956130981
[pos], 35333, 2184.04736328125, 326.748229980469, -5.5093035697937
[pos], 35349, 2192.57006835938, 336.310821533203, -5.44034671783447
[pos], 35366, 2200.49243164063, 346.5654296875, -5.37017345428467
[pos], 35383, 2206.87573242188, 356.161804199219, -5.29936027526855
[pos], 35399, 2213.08276367188, 366.899505615234, -5.23651266098022
[pos], 35416, 2218.71875, 378.371856689453, -5.169029712677
[pos], 35433, 2218.71875, 378.371856689453, -5.169029712677
[pos], 35449, 2223.99438476563, 391.307250976563, -5.09964656829834
[pos], 35466, 2227.6083984375, 402.526153564453, -5.02402114868164
[pos], 35483, 2230.56298828125, 414.195831298828, -4.96036148071289
[pos], 35499, 2232.90258789063, 426.831634521484, -4.89547967910767
[pos], 35516, 2234.36938476563, 439.644744873047, -4.82637643814087
[pos], 35533, 2234.92431640625, 452.023712158203, -4.7571907043457
[pos], 35549, 2234.64526367188, 464.987518310547, -4.69086647033691
[sad], 35549, detach, 0.95
[as], 35549, -0.03355294838548
[pos], 35566, 2233.40307617188, 478.635711669922, -4.62162399291992
[pos], 35583, 2232.31005859375, 490.644073486328, -4.62162399291992
[pos], 35599, 2231.22583007813, 502.556427001953, -4.62162399291992
[pos], 35616, 2230.02807617188, 515.717712402344, -4.62162399291992
[pos], 35633, 2230.02807617188, 515.717712402344, -4.62162399291992
[pos], 35649, 2228.66528320313, 530.690734863281, -4.62162399291992
[pos], 35666, 2227.61108398438, 542.27392578125, -4.62162399291992
[pos], 35683, 2226.34887695313, 556.140991210938, -4.62162399291992
[pos], 35699, 2225.20825195313, 568.673767089844, -4.62162399291992
[pos], 35716, 2224.01196289063, 581.816528320313, -4.62162399291992
[pos], 35733, 2222.84204101563, 594.67138671875, -4.62162399291992
[pos], 35749, 2221.86474609375, 605.409118652344, -4.62162399291992
[pos], 35766, 2220.65063476563, 618.748474121094, -4.62162399291992
[pos], 35783, 2219.48315429688, 631.576171875, -4.62162399291992
[pos], 35799, 2219.48315429688, 631.576171875, -4.62162399291992
[pos], 35816, 2218.21997070313, 645.455810546875, -4.62162399291992
[pos], 35833, 2217.125, 657.485961914063, -4.62162399291992
[pos], 35849, 2215.93383789063, 670.572265625, -4.62162399291992
[pos], 35866, 2214.736328125, 683.730407714844, -4.62162399291992
[pos], 35883, 2213.60205078125, 696.193481445313, -4.62162399291992
[pos], 35899, 2212.59350585938, 707.275573730469, -4.62162399291992
[pos], 35916, 2211.39819335938, 720.407897949219, -4.62162399291992
[pos], 35933, 2210.2392578125, 733.141479492188, -4.62162399291992
[pos], 35949, 2209.09301757813, 745.736328125, -4.62162399291992
[pos], 35966, 2207.9462890625, 758.336730957031, -4.62162399291992
[pos], 35983, 2206.92309570313, 769.577758789063, -4.62162399291992
[pos], 35999, 2206.92309570313, 769.577758789063, -4.62162399291992
[pos], 36016, 2207.015625, 783.233032226563, -4.71916389465332
[pos], 36033, 2208.03173828125, 794.658142089844, -4.80109405517578
[pos], 36049, 2210.62036132813, 808.282104492188, -4.90014886856079
[pos], 36066, 2214.51586914063, 821.514831542969, -4.99867868423462
[pos], 36083, 2219.62182617188, 834.161865234375, -5.09609889984131
[pos], 36099, 2225.5537109375, 845.663940429688, -5.18853902816772
[pos], 36116, 2232.73681640625, 856.844116210938, -5.28345918655396
[pos], 36133, 2240.60864257813, 866.934997558594, -5.37487411499023
[pos], 36149, 2248.04516601563, 876.467895507813, -5.37487411499023
[pos], 36166, 2254.74291992188, 885.053649902344, -5.37487411499023
[pos], 36183, 2262.36254882813, 894.821105957031, -5.37487411499023
[pos], 36199, 2269.94409179688, 904.539978027344, -5.37487411499023
[pos], 36216, 2269.94409179688, 904.539978027344, -5.37487411499023
[pos], 36233, 2277.70654296875, 914.490661621094, -5.37487411499023
[pos], 36249, 2285.44458007813, 924.409851074219, -5.37487411499023
[pos], 36266, 2292.79663085938, 933.834533691406, -5.37487411499023
[pos], 36283, 2300.27587890625, 943.422058105469, -5.37487411499023
[pos], 36299, 2307.93237304688, 953.236938476563, -5.37487411499023
[pos], 36316, 2315.88305664063, 963.428833007813, -5.37487411499023
[pos], 36333, 2323.44091796875, 973.117370605469, -5.37487411499023
[pos], 36349, 2331.29467773438, 981.629150390625, -5.45759916305542
[pos], 36366, 2339.83764648438, 989.472778320313, -5.54043912887573
[pos], 36383, 2349.46411132813, 996.882141113281, -5.62720918655396
[pos], 36399, 2359.69970703125, 1003.43096923828, -5.7140040397644
[pos], 36416, 2370.9228515625, 1009.25756835938, -5.80432891845703
[pos], 36433, 2382.33325195313, 1013.95733642578, -5.89247369766235
[pos], 36449, 2394.11572265625, 1017.63500976563, -5.98063850402832
[pos], 36466, 2406.67529296875, 1021.55523681641, -5.98063850402832
[pos], 36483, 2416.23608398438, 1024.53942871094, -5.98063850402832
[pos], 36499, 2428.26391601563, 1028.29357910156, -5.98063850402832
[pos], 36516, 2440.17993164063, 1032.01293945313, -5.98063850402832
[pos], 36533, 2450.43432617188, 1035.21362304688, -5.98063850402832
[pos], 36549, 2462.14599609375, 1038.869140625, -5.98063850402832
[pos], 36566, 2473.3076171875, 1042.35302734375, -5.98063850402832
[pos], 36583, 2485.6533203125, 1046.20654296875, -5.98063850402832
[pos], 36599, 2485.6533203125, 1046.20654296875, -5.98063850402832
[pos], 36616, 2497.63159179688, 1049.9453125, -5.98063850402832
[pos], 36633, 2510.58349609375, 1053.98791503906, -5.98063850402832
[pos], 36649, 2522.70532226563, 1057.771484375, -5.98063850402832
[pos], 36666, 2536.0791015625, 1060.55187988281, -6.07820844650269
[pos], 36683, 2548.25952148438, 1061.98815917969, -6.16581344604492
[pos], 36699, 2560.91381835938, 1062.32934570313, -6.25623321533203
[pos], 36716, 2573.87280273438, 1061.47521972656, -6.34899806976318
[pos], 36733, 2586.353515625, 1059.51147460938, -6.43924283981323
[pos], 36749, 2598.13159179688, 1056.59509277344, -6.52591276168823
[pos], 36766, 2610.02392578125, 1052.48718261719, -6.61578273773193
[pos], 36783, 2619.88793945313, 1048.20690917969, -6.69258785247803
[pos], 36799, 2630.57495117188, 1042.42114257813, -6.7793927192688
[pos], 36816, 2639.76196289063, 1036.47570800781, -6.85755777359009
[pos], 36833, 2649.44580078125, 1028.927734375, -6.94525766372681
[pos], 36849, 2657.458984375, 1021.61767578125, -7.02273273468018
[pos], 36866, 2665.70703125, 1012.66198730469, -7.1096978187561
[pos], 36883, 2672.46655273438, 1004.06231689453, -7.18782758712769
[pos], 36899, 2679.23461914063, 993.678283691406, -7.27636241912842
[pos], 36916, 2685.02319335938, 982.818664550781, -7.36426258087158
[pos], 36933, 2689.31030273438, 973.049194335938, -7.4404673576355
[pos], 36949, 2693.2724609375, 961.283935546875, -7.52914237976074
[pos], 36966, 2695.94409179688, 950.674133300781, -7.60729217529297
[pos], 36983, 2697.89233398438, 938.488586425781, -7.69543695449829
[pos], 36999, 2698.77075195313, 927.635559082031, -7.77321195602417
[pos], 37016, 2698.689453125, 915.399108886719, -7.86061716079712
[pos], 37033, 2697.76391601563, 904.503662109375, -7.93872213363647
[pos], 37049, 2695.73999023438, 892.722351074219, -8.02410697937012
[pos], 37066, 2695.73999023438, 892.722351074219, -8.02410697937012
[pos], 37083, 2691.50122070313, 868.047607421875, -8.02410697937012
[pos], 37099, 2691.50122070313, 868.047607421875, -8.02410697937012
[pos], 37116, 2689.35034179688, 855.526733398438, -8.02410697937012
[pos], 37133, 2686.8994140625, 841.259704589844, -8.02410697937012
[pos], 37149, 2684.96997070313, 830.028198242188, -8.02410697937012
[pos], 37166, 2682.08276367188, 813.221008300781, -8.02410697937012
[pos], 37183, 2680.28442382813, 802.751831054688, -8.02410697937012
[pos], 37199, 2678.294921875, 791.170593261719, -8.02410697937012
[pos], 37216, 2676.24780273438, 779.254028320313, -8.02410697937012
[pos], 37233, 2674.2412109375, 767.57275390625, -8.02410697937012
[pos], 37249, 2672.17309570313, 755.533386230469, -8.02410697937012
[pos], 37266, 2670.11694335938, 743.564392089844, -8.02410697937012
[pos], 37283, 2668.00341796875, 731.260803222656, -8.02410697937012
[pos], 37299, 2666.14379882813, 720.435668945313, -8.02410697937012
[pos], 37316, 2664.0185546875, 708.064453125, -8.02410697937012
[pos], 37333, 2661.97241210938, 696.154113769531, -8.02410697937012
[pos], 37349, 2661.97241210938, 696.154113769531, -8.02410697937012
[pos], 37366, 2661.01440429688, 671.871459960938, -7.85039234161377
[pos], 37383, 2662.09887695313, 659.838928222656, -7.76409721374512
[pos], 37399, 2662.09887695313, 659.838928222656, -7.76409721374512
[pos], 37416, 2664.17700195313, 648.091918945313, -7.67888736724854
[pos], 37433, 2667.34765625, 636.28759765625, -7.59158229827881
[pos], 37449, 2671.32275390625, 625.264465332031, -7.5078821182251
[pos], 37466, 2676.96752929688, 613.293762207031, -7.4133472442627
[pos], 37483, 2683.02270507813, 602.879943847656, -7.3273024559021
[pos], 37499, 2689.86352539063, 593.128967285156, -7.24222230911255
[pos], 37516, 2697.50512695313, 583.99755859375, -7.15717220306396
[pos], 37533, 2705.8974609375, 575.546020507813, -7.07209730148315
[pos], 37549, 2715.53515625, 565.840270996094, -7.07209730148315
[pos], 37566, 2724.85668945313, 556.453063964844, -7.07209730148315
[pos], 37583, 2732.99389648438, 548.258483886719, -7.07209730148315
[sad], 37583, attach, 0.34
[pos], 37599, 2741.54541015625, 539.646606445313, -7.07209730148315
[pos], 37616, 2737.21704101563, 527.989929199219, -8.20952415466309
[pos], 37633, 2737.21704101563, 527.989929199219, -8.20952415466309
[pos], 37649, 2734.27416992188, 513.490783691406, -8.05422306060791
[pos], 37666, 2734.06323242188, 501.926605224609, -7.87222099304199
[pos], 37683, 2735.8427734375, 487.452484130859, -7.73165464401245
[pos], 37699, 2739.74755859375, 474.701995849609, -7.55680799484253
[pos], 37716, 2745.4677734375, 463.007446289063, -7.39906120300293
[pos], 37733, 2752.79809570313, 452.454315185547, -7.24688053131104
[pos], 37749, 2761.52001953125, 443.196838378906, -7.09836101531982
[pos], 37766, 2770.41162109375, 436.156341552734, -6.95292091369629
[pos], 37783, 2770.41162109375, 436.156341552734, -6.95292091369629
[pos], 37799, 2783.57592773438, 428.243499755859, -6.82440137863159
[pos], 37816, 2796.6630859375, 423.177154541016, -6.65254211425781
[pos], 37833, 2809.48779296875, 420.385223388672, -6.49754285812378
[pos], 37849, 2822.61474609375, 419.452117919922, -6.35414838790894
[pos], 37866, 2837.13354492188, 420.489837646484, -6.21183300018311
[pos], 37883, 2850.38159179688, 423.549377441406, -6.05622243881226
[pos], 37899, 2861.41430664063, 427.837921142578, -5.91244983673096
[pos], 37916, 2861.41430664063, 427.837921142578, -5.91244983673096
[pos], 37933, 2873.19604492188, 434.195373535156, -5.78835773468018
[pos], 37949, 2883.7919921875, 441.984680175781, -5.64927291870117
[pos], 37966, 2893.39233398438, 451.280090332031, -5.51391935348511
[pos], 37983, 2901.32934570313, 461.396423339844, -5.37765216827393
[pos], 37999, 2908.0, 472.644592285156, -5.24767398834229
[pos], 38016, 2912.96020507813, 484.240081787109, -5.11660861968994
[pos], 38033, 2916.4599609375, 496.463775634766, -4.99123191833496
[pos], 38049, 2918.32568359375, 508.528350830078, -4.8658242225647
[pos], 38066, 2918.77368164063, 521.736022949219, -4.74630355834961
[pos], 38083, 2917.71557617188, 532.904235839844, -4.61793804168701
[pos], 38099, 2915.19482421875, 545.169494628906, -4.50969457626343
[pos], 38116, 2915.19482421875, 545.169494628906, -4.50969457626343
[pos], 38133, 2911.04248046875, 557.587158203125, -4.38968992233276
[pos], 38149, 2904.73803710938, 570.730895996094, -4.26515340805054
[pos], 38166, 2897.4755859375, 581.703857421875, -4.12773132324219
[pos], 38183, 2889.34228515625, 591.210632324219, -4.00469970703125
[pos], 38199, 2880.04858398438, 599.815795898438, -3.88854217529297
[pos], 38216, 2869.93359375, 607.193176269531, -3.77174735069275
[pos], 38233, 2860.0458984375, 612.795288085938, -3.65706849098206
[pos], 38249, 2847.97680664063, 618.0693359375, -3.55356979370117
[pos], 38266, 2835.515625, 621.825988769531, -3.43439841270447
[pos], 38283, 2823.8515625, 623.898620605469, -3.31745290756226
[pos], 38299, 2811.12109375, 624.791870117188, -3.21164464950562
[pos], 38316, 2811.12109375, 624.791870117188, -3.21164464950562
[pos], 38333, 2797.24194335938, 624.191528320313, -3.09836387634277
[pos], 38349, 2784.31811523438, 622.030700683594, -2.97592830657959
[pos], 38366, 2772.18188476563, 618.536193847656, -2.86123943328857
[pos], 38383, 2761.82690429688, 614.277282714844, -2.751384973526
[pos], 38399, 2750.14794921875, 608.09130859375, -2.65449261665344
[pos], 38416, 2739.001953125, 600.452941894531, -2.54079604148865
[pos], 38433, 2729.79077148438, 592.434692382813, -2.42531847953796
[pos], 38449, 2721.12451171875, 583.146179199219, -2.32155656814575
[pos], 38466, 2713.369140625, 572.804138183594, -2.21422719955444
[pos], 38483, 2707.32983398438, 562.610595703125, -2.10564947128296
[pos], 38499, 2701.95849609375, 551.077514648438, -2.00665140151978
[pos], 38516, 2701.95849609375, 551.077514648438, -2.00665140151978
[pos], 38533, 2697.44750976563, 537.912963867188, -1.90091776847839
[pos], 38549, 2694.60278320313, 524.898498535156, -1.78598988056183
[pos], 38566, 2693.24438476563, 512.1142578125, -1.67664957046509
[pos], 38583, 2693.232421875, 499.390350341797, -1.5717271566391
[pos], 38599, 2694.53735351563, 486.685699462891, -1.46844375133514
[pos], 38616, 2697.16552734375, 474.075256347656, -1.36532533168793
[pos], 38633, 2701.02954101563, 461.967681884766, -1.26187443733215
[pos], 38649, 2706.10473632813, 450.305145263672, -1.16033864021301
[pos], 38666, 2711.75390625, 440.242248535156, -1.05924534797668
[pos], 38683, 2719.046875, 429.647216796875, -0.96793234348297
[pos], 38699, 2719.046875, 429.647216796875, -0.96793234348297
[pos], 38716, 2727.34521484375, 419.877532958984, -0.86664599180222
[pos], 38733, 2737.05737304688, 410.530853271484, -0.76621854305267
[pos], 38749, 2747.1220703125, 402.700561523438, -0.66117936372757
[pos], 38766, 2757.95190429688, 395.875823974609, -0.56231307983398
[pos], 38783, 2769.34301757813, 390.181610107422, -0.46355122327805
[pos], 38799, 2781.34228515625, 385.585845947266, -0.36576974391937
[pos], 38816, 2792.10522460938, 382.635070800781, -0.26758521795273
[pos], 38833, 2805.490234375, 380.162719726563, -0.18264976143837
[pos], 38849, 2818.09155273438, 379.158172607422, -0.07954952865839
[pos], 38866, 2829.58056640625, 379.339050292969, 0.0157433450222
[pos], 38883, 2841.99047851563, 380.609466552734, 0.10201506316662
[pos], 38899, 2853.26123046875, 382.838928222656, 0.1952897310257
[pos], 38916, 2853.26123046875, 382.838928222656, 0.1952897310257
[pos], 38933, 2866.08325195313, 386.537872314453, 0.28086075186729
[pos], 38949, 2879.45092773438, 391.874114990234, 0.37980803847313
[pos], 38966, 2889.86987304688, 397.37744140625, 0.48595505952835
[pos], 38983, 2900.67041015625, 404.338012695313, 0.5724720954895
[pos], 38999, 2911.26000976563, 412.666229248047, 0.66642189025879
[pos], 39016, 2921.02392578125, 422.02978515625, 0.76446640491486
[pos], 39033, 2929.34204101563, 431.739562988281, 0.8624461889267
[pos], 39049, 2937.04223632813, 442.613739013672, 0.95463746786118
[pos], 39066, 2943.39208984375, 453.690826416016, 1.05028557777405
[pos], 39083, 2943.39208984375, 453.690826416016, 1.05028557777405
[pos], 39099, 2949.93432617188, 467.983947753906, 1.14154577255249
[pos], 39116, 2953.6474609375, 479.282440185547, 1.2532764673233
[pos], 39133, 2957.00048828125, 493.389221191406, 1.33743572235107
[pos], 39149, 2958.79809570313, 507.00927734375, 1.43956398963928
[pos], 39166, 2959.25952148438, 520.209533691406, 1.53586101531982
[pos], 39183, 2958.61499023438, 531.456909179688, 1.62803900241852
[pos], 39199, 2958.61499023438, 531.456909179688, 1.62803900241852
[pos], 39216, 2956.79150390625, 544.822082519531, 1.70638883113861
[pos], 39233, 2953.4140625, 559.309997558594, 1.79983103275299
[pos], 39249, 2948.837890625, 572.601684570313, 1.90237331390381
[pos], 39266, 2943.998046875, 583.21044921875, 1.99880063533783
[pos], 39283, 2937.11865234375, 595.576110839844, 2.07849407196045
[pos], 39299, 2928.994140625, 607.350219726563, 2.17480301856995
[pos], 39316, 2928.994140625, 607.350219726563, 2.17480301856995
[pos], 39333, 2920.79272460938, 617.069152832031, 2.27170968055725
[pos], 39349, 2910.3955078125, 627.439025878906, 2.35751152038574
[pos], 39366, 2899.77001953125, 636.127563476563, 2.45614647865295
[pos], 39383, 2888.68017578125, 643.61181640625, 2.54793190956116
[pos], 39399, 2878.79565429688, 649.070434570313, 2.63703775405884
[pos], 39416, 2866.40112304688, 654.748657226563, 2.71200084686279
[pos], 39433, 2854.20703125, 659.054077148438, 2.80218005180359
[pos], 39449, 2842.78564453125, 662.021545410156, 2.88739681243896
[pos], 39466, 2842.78564453125, 662.021545410156, 2.88739681243896
[pos], 39483, 2829.23168945313, 664.441528320313, 2.96490907669067
[pos], 39499, 2816.09448242188, 665.581848144531, 3.05501103401184
[pos], 39516, 2803.40356445313, 665.589660644531, 3.14097738265991
[pos], 39533, 2790.68872070313, 664.546875, 3.22342300415039
[pos], 39549, 2777.74975585938, 662.399963378906, 3.30601930618286
[pos], 39566, 2766.60229492188, 659.564880371094, 3.39063620567322
[pos], 39583, 2753.71875, 655.252075195313, 3.46461987495422
[pos], 39599, 2742.05126953125, 650.179443359375, 3.55170679092407
[pos], 39616, 2730.75317382813, 644.133117675781, 3.63297462463379
[pos], 39633, 2720.82763671875, 637.729614257813, 3.71455693244934
[pos], 39649, 2710.6484375, 630.0244140625, 3.7895336151123
[pos], 39666, 2710.6484375, 630.0244140625, 3.7895336151123
[pos], 39683, 2700.89135742188, 621.315002441406, 3.87031817436218
[pos], 39699, 2691.13452148438, 611.041015625, 3.95280075073242
[pos], 39716, 2683.8759765625, 601.889953613281, 4.04181909561157
[pos], 39733, 2676.21875, 590.634887695313, 4.11497640609741
[pos], 39749, 2669.7236328125, 579.088989257813, 4.19995641708374
[pos], 39766, 2664.09033203125, 566.806457519531, 4.28236865997314
[pos], 39783, 2659.80615234375, 554.931823730469, 4.36614036560059
[pos], 39799, 2656.76684570313, 543.873840332031, 4.44415044784546
[pos], 39816, 2654.2861328125, 531.48046875, 4.51482915878296
[pos], 39833, 2652.89892578125, 519.964721679688, 4.59250402450562
[pos], 39849, 2652.27587890625, 507.20703125, 4.6635947227478
[pos], 39866, 2652.27587890625, 507.20703125, 4.6635947227478
[pos], 39883, 2652.64135742188, 494.724365234375, 4.74165534973145
[pos], 39899, 2654.07470703125, 481.170928955078, 4.81774997711182
[pos], 39916, 2656.42163085938, 468.844146728516, 4.90052795410156
[pos], 39933, 2659.76123046875, 456.495239257813, 4.97650766372681
[pos], 39949, 2663.94189453125, 444.727081298828, 5.05373859405518
[pos], 39966, 2669.24243164063, 432.746063232422, 5.12891817092896
[pos], 39983, 2675.16333007813, 421.781982421875, 5.20754766464233
[pos], 39999, 2682.02661132813, 411.06787109375, 5.28211784362793
[pos], 40016, 2689.91235351563, 400.600524902344, 5.35804605484009
[pos], 40033, 2697.73315429688, 391.748657226563, 5.43601751327515
[pos], 40049, 2697.73315429688, 391.748657226563, 5.43601751327515
[pos], 40066, 2707.14916992188, 382.487976074219, 5.50610685348511
[pos], 40083, 2718.10986328125, 373.27587890625, 5.58425045013428
[pos], 40099, 2728.72729492188, 365.783660888672, 5.66868019104004
[pos], 40116, 2740.27197265625, 358.892883300781, 5.74506759643555
[pos], 40133, 2751.5087890625, 353.334991455078, 5.82386016845703
[pos], 40149, 2763.37524414063, 348.51171875, 5.8971209526062
[pos], 40166, 2773.89453125, 345.125671386719, 5.97177171707153
[pos], 40183, 2787.65087890625, 341.654663085938, 6.0360255241394
[pos], 40199, 2800.70336914063, 339.482421875, 6.11827516555786
[pos], 40216, 2800.70336914063, 339.482421875, 6.11827516555786
[pos], 40233, 2814.09716796875, 338.294830322266, 6.19474935531616
[pos], 40249, 2828.16284179688, 338.140747070313, 6.27223110198975
[pos], 40266, 2842.1669921875, 339.120452880859, 6.35302925109863
[pos], 40283, 2855.33251953125, 341.113159179688, 6.43340492248535
[pos], 40299, 2868.56713867188, 344.159332275391, 6.50941228866577
[pos], 40316, 2879.27856445313, 347.514129638672, 6.58670473098755
[pos], 40333, 2892.21362304688, 352.490325927734, 6.6504373550415
[pos], 40349, 2892.21362304688, 352.490325927734, 6.6504373550415
[pos], 40366, 2904.72509765625, 358.468322753906, 6.72891521453857
[pos], 40383, 2915.80419921875, 364.870849609375, 6.80719184875488
[pos], 40399, 2926.15673828125, 371.893463134766, 6.87922859191895
[pos], 40416, 2935.87255859375, 379.532379150391, 6.94947671890259
[pos], 40433, 2945.30395507813, 388.067016601563, 7.01871156692505
[pos], 40449, 2954.54174804688, 397.705230712891, 7.08978939056396
[pos], 40466, 2962.91284179688, 407.852264404297, 7.16419076919556
[pos], 40483, 2970.4033203125, 418.418640136719, 7.23730182647705
[pos], 40499, 2976.53857421875, 428.54150390625, 7.30910062789917
[pos], 40516, 2976.53857421875, 428.54150390625, 7.30910062789917
[pos], 40533, 2982.57861328125, 440.16015625, 7.37456798553467
[pos], 40549, 2988.32299804688, 453.479675292969, 7.4468150138855
[pos], 40566, 2992.46484375, 465.67626953125, 7.52660465240479
[pos], 40583, 2995.83813476563, 478.52685546875, 7.59726428985596
[pos], 40599, 2998.2060546875, 491.248565673828, 7.66995811462402
[pos], 40616, 2999.71533203125, 504.501403808594, 7.7405800819397
[pos], 40633, 3000.18188476563, 515.930603027344, 7.81318759918213
[pos], 40649, 2999.89624023438, 529.312255859375, 7.87531900405884
[pos], 40666, 2999.89624023438, 529.312255859375, 7.87531900405884
[sad], 40666, detach, 0.95666666666666
[as], 40666, 0.73867863416672
[pos], 40683, 2998.53637695313, 543.755920410156, 7.94784641265869
[pos], 40699, 2997.25415039063, 557.376281738281, 7.94784641265869
[pos], 40716, 2996.06982421875, 569.956909179688, 7.94784641265869
[pos], 40733, 2994.8818359375, 582.576965332031, 7.94784641265869
[pos], 40749, 2993.65844726563, 595.5712890625, 7.94784641265869
[pos], 40766, 2992.4873046875, 608.012145996094, 7.94784641265869
[pos], 40783, 2991.48583984375, 618.649169921875, 7.94784641265869
[pos], 40799, 2990.23681640625, 631.915405273438, 7.94784641265869
[pos], 40816, 2989.16088867188, 643.343933105469, 7.94784641265869
[pd], 40816, asteroid
[pos], 40833, 2989.16088867188, 643.343933105469, 7.94784641265869
[pos], 40849, 2989.16088867188, 643.343933105469, 7.94784641265869
[pos], 40866, 2989.16088867188, 643.343933105469, 7.94784641265869
[pos], 40883, 2989.16088867188, 643.343933105469, 7.94784641265869
[pos], 40899, 2989.16088867188, 643.343933105469, 7.94784641265869
[pos], 40916, 2989.16088867188, 643.343933105469, 7.94784641265869
[pos], 40933, 2989.16088867188, 643.343933105469, 7.94784641265869
[pos], 40949, 2989.16088867188, 643.343933105469, 7.94784641265869
[pos], 40966, 2989.16088867188, 643.343933105469, 7.94784641265869
[pos], 40983, 2989.16088867188, 643.343933105469, 7.94784641265869
[pos], 40999, 2989.16088867188, 643.343933105469, 7.94784641265869
[pos], 41016, 2989.16088867188, 643.343933105469, 7.94784641265869
[pos], 41033, 2989.16088867188, 643.343933105469, 7.94784641265869
[pos], 41049, 2989.16088867188, 643.343933105469, 7.94784641265869
[pos], 41066, 2989.16088867188, 643.343933105469, 7.94784641265869
[pos], 41083, 2989.16088867188, 643.343933105469, 7.94784641265869
[pos], 41099, 2989.16088867188, 643.343933105469, 7.94784641265869
[pos], 41116, 2989.16088867188, 643.343933105469, 7.94784641265869
[pos], 41133, 2989.16088867188, 643.343933105469, 7.94784641265869
[pos], 41149, 2989.16088867188, 643.343933105469, 7.94784641265869
[pos], 41166, 2989.16088867188, 643.343933105469, 7.94784641265869
[pos], 41183, 2989.16088867188, 643.343933105469, 7.94784641265869
[pos], 41199, 2989.16088867188, 643.343933105469, 7.94784641265869
[pos], 41216, 2989.16088867188, 643.343933105469, 7.94784641265869
[pos], 41233, 2989.16088867188, 643.343933105469, 7.94784641265869
[pos], 41249, 2989.16088867188, 643.343933105469, 7.94784641265869
[pos], 41266, 2989.16088867188, 643.343933105469, 7.94784641265869
[pos], 41283, 2989.16088867188, 643.343933105469, 7.94784641265869
[pos], 41299, 2989.16088867188, 643.343933105469, 7.94784641265869
[pos], 41316, 2989.16088867188, 643.343933105469, 7.94784641265869
[pos], 41333, 2989.16088867188, 643.343933105469, 7.94784641265869
[pos], 41349, 2989.16088867188, 643.343933105469, 7.94784641265869
[pos], 41366, 2989.16088867188, 643.343933105469, 7.94784641265869
[pos], 41383, 2989.16088867188, 643.343933105469, 7.94784641265869
[pos], 41399, 2989.16088867188, 643.343933105469, 7.94784641265869
[pos], 41416, 2989.16088867188, 643.343933105469, 7.94784641265869
[pos], 41433, 2989.16088867188, 643.343933105469, 7.94784641265869
[pos], 41449, 2989.16088867188, 643.343933105469, 7.94784641265869
[pos], 41466, 2989.16088867188, 643.343933105469, 7.94784641265869
[pos], 41483, 2989.16088867188, 643.343933105469, 7.94784641265869
[pos], 41499, 2989.16088867188, 643.343933105469, 7.94784641265869
[pos], 41516, 2989.16088867188, 643.343933105469, 7.94784641265869
[pos], 41533, 2989.16088867188, 643.343933105469, 7.94784641265869
[pos], 41549, 2989.16088867188, 643.343933105469, 7.94784641265869
[pos], 41566, 2989.16088867188, 643.343933105469, 7.94784641265869
[pos], 41583, 2989.16088867188, 643.343933105469, 7.94784641265869
[pos], 41599, 2989.16088867188, 643.343933105469, 7.94784641265869
[pos], 41616, 2989.16088867188, 643.343933105469, 7.94784641265869
[pos], 41633, 2989.16088867188, 643.343933105469, 7.94784641265869
[pos], 41649, 2989.16088867188, 643.343933105469, 7.94784641265869
[pos], 41666, 2989.16088867188, 643.343933105469, 7.94784641265869
[pos], 41683, 2989.16088867188, 643.343933105469, 7.94784641265869
[pos], 41699, 2989.16088867188, 643.343933105469, 7.94784641265869
[pos], 41716, 2989.16088867188, 643.343933105469, 7.94784641265869
[pos], 41733, 2989.16088867188, 643.343933105469, 7.94784641265869
[pos], 41749, 2989.16088867188, 643.343933105469, 7.94784641265869
[pos], 41766, 2989.16088867188, 643.343933105469, 7.94784641265869
[pos], 41783, 2989.16088867188, 643.343933105469, 7.94784641265869
[pos], 41799, 2989.16088867188, 643.343933105469, 7.94784641265869
[pos], 41816, 2989.16088867188, 643.343933105469, 7.94784641265869
[pos], 41833, 2989.16088867188, 643.343933105469, 7.94784641265869
[pos], 41849, 768.0, 384.0, 0.0
[pos], 41866, 768.0, 384.0, 0.0
[pos], 41883, 782.693298339844, 384.0, 0.0
[pos], 41899, 789.797241210938, 384.0, 0.0
[pos], 41916, 796.506958007813, 384.0, 0.0
[pos], 41933, 802.527648925781, 384.0, 0.0
[pos], 41949, 809.830322265625, 384.0, 0.0
[pos], 41966, 816.834106445313, 384.0, 0.0
[pos], 41983, 830.773620605469, 384.0, 0.0
[pos], 41999, 838.201049804688, 384.0, 0.0
[pos], 42016, 845.817687988281, 384.0, 0.0
[pos], 42033, 853.548828125, 384.0, 0.0
[pos], 42049, 861.228332519531, 384.0, 0.0
[pos], 42066, 868.288208007813, 384.0, 0.0
[pos], 42083, 875.654235839844, 384.0, 0.0
[pos], 42099, 883.573486328125, 384.0, 0.0
[pos], 42116, 892.005676269531, 384.0, 0.0
[pos], 42133, 900.483215332031, 384.0, 0.0
[pos], 42149, 909.085571289063, 384.0, 0.0
[pos], 42166, 917.626342773438, 384.0, 0.0
[pos], 42183, 925.412658691406, 384.0, 0.0
[pos], 42199, 941.563354492188, 384.0, 0.0
[pos], 42216, 949.202819824219, 384.0, 0.0
[pos], 42233, 958.105224609375, 384.0, 0.0
[pos], 42249, 966.316162109375, 384.0, 0.0
[pos], 42266, 974.603637695313, 384.0, 0.0
[pos], 42283, 983.275695800781, 384.0, 0.0
[pos], 42299, 991.280883789063, 384.0, 0.0
[pos], 42316, 999.568664550781, 384.0, 0.0
[pos], 42333, 1015.85528564453, 384.0, 0.0
[pos], 42349, 1024.81079101563, 384.0, 0.0
[pos], 42366, 1033.78210449219, 384.0, 0.0
[pos], 42383, 1033.78210449219, 384.0, 0.0
[pos], 42399, 1042.51965332031, 384.0, 0.0
[pos], 42416, 1051.63732910156, 384.0, 0.0
[pos], 42433, 1060.9365234375, 384.0, 0.0
[sad], 42433, attach, 0.48
[pos], 42449, 1069.45190429688, 384.0, 0.0
[pos], 42466, 1069.45190429688, 392.713012695313, 1.57079637050629
[pos], 42483, 1070.38061523438, 401.511474609375, 1.46563506126404
[pos], 42499, 1072.32006835938, 410.551086425781, 1.35944986343384
[pos], 42516, 1075.30541992188, 419.510284423828, 1.24914622306824
[pos], 42533, 1079.31616210938, 428.172668457031, 1.13717699050903
[pos], 42549, 1084.54748535156, 436.780609130859, 1.02470719814301
[pos], 42566, 1090.80541992188, 444.778076171875, 0.9068266749382
[pos], 42583, 1097.51501464844, 451.533660888672, 0.78881293535233
[pos], 42599, 1105.21655273438, 457.747161865234, 0.67886310815811
[pos], 42616, 1112.54638671875, 462.397033691406, 0.56531345844269
[pos], 42633, 1130.29907226563, 470.139068603516, 0.35439473390579
[pos], 42649, 1140.21484375, 472.637145996094, 0.24679338932037
[pos], 42666, 1140.21484375, 472.637145996094, 0.24679338932037
[pos], 42683, 1151.00842285156, 474.072265625, 0.13218434154987
[pos], 42699, 1161.70202636719, 474.190002441406, 0.01100827008486
[pos], 42716, 1171.93823242188, 473.0888671875, -0.10716103762388
[pos], 42733, 1182.55432128906, 470.712982177734, -0.22017347812653
[pos], 42749, 1192.86328125, 467.080505371094, -0.33877709507942
[pos], 42766, 1202.21997070313, 462.478393554688, -0.45710760354996
[pos], 42783, 1212.16467285156, 456.114593505859, -0.56925708055496
[pos], 42799, 1220.48706054688, 449.171295166016, -0.69530409574509
[pos], 42816, 1228.13403320313, 441.135284423828, -0.81020075082779
[pos], 42833, 1234.89208984375, 432.130096435547, -0.92700308561325
[pos], 42849, 1240.73095703125, 422.074157714844, -1.0447371006012
[pos], 42866, 1245.09497070313, 411.90380859375, -1.16546082496643
[pos], 42883, 1248.2294921875, 401.446105957031, -1.27958273887634
[pos], 42899, 1250.02685546875, 391.532531738281, -1.39144742488861
[pos], 42916, 1250.87512207031, 380.493347167969, -1.49410545825958
[pos], 42933, 1250.49719238281, 369.837432861328, -1.60624694824219
[pos], 42949, 1246.16137695313, 348.230102539063, -1.82351803779602
[pos], 42966, 1242.08447265625, 337.498107910156, -1.93383729457855
[pos], 42983, 1236.74560546875, 327.155548095703, -2.04732227325439
[pos], 42999, 1230.21960449219, 317.426361083984, -2.1616313457489
[pos], 43016, 1222.87646484375, 308.798706054688, -2.27593541145325
[pos], 43033, 1214.39587402344, 300.805847167969, -2.38579201698303
[pos], 43049, 1205.26391601563, 293.956878662109, -2.49808955192566
[pos], 43066, 1194.83129882813, 287.785614013672, -2.60741853713989
[pos], 43083, 1194.83129882813, 287.785614013672, -2.60741853713989
[pos], 43099, 1183.21740722656, 282.615509033203, -2.72276663780212
[pos], 43116, 1171.99890136719, 279.161193847656, -2.84289383888245
[pos], 43133, 1159.21984863281, 276.723480224609, -2.95309853553772
[pos], 43149, 1147.11206054688, 275.908599853516, -3.07439255714417
[pos], 43166, 1135.31237792969, 276.442199707031, -3.1867823600769
[pos], 43183, 1124.18249511719, 278.169006347656, -3.29551577568054
[pos], 43199, 1114.25561523438, 280.778289794922, -3.39862680435181
[pos], 43216, 1103.68420410156, 284.643859863281, -3.49215269088745
[pos], 43233, 1091.62268066406, 290.509216308594, -3.59421133995056
[pos], 43249, 1081.75256347656, 296.883453369141, -3.71501684188843
[pos], 43266, 1073.39135742188, 303.625549316406, -3.82020044326782
[pos], 43283, 1064.65368652344, 312.171295166016, -3.91588425636292
[pos], 43299, 1057.28735351563, 321.129028320313, -4.02417135238647
[pos], 43316, 1050.99560546875, 330.607238769531, -4.12636852264404
[pos], 43333, 1045.23083496094, 341.5126953125, -4.22610950469971
[pos], 43349, 1040.82189941406, 352.592193603516, -4.33366298675537
[pos], 43366, 1037.62365722656, 363.913330078125, -4.43706369400024
[pos], 43383, 1035.61059570313, 375.376098632813, -4.53854274749756
[pos], 43399, 1034.75720214844, 386.893127441406, -4.63842868804932
[pos], 43416, 1035.05029296875, 398.770599365234, -4.73706007003784
[pos], 43433, 1036.45190429688, 409.868438720703, -4.83802223205566
[pos], 43449, 1039.0234375, 421.354614257813, -4.93263339996338
[pos], 43466, 1042.55432128906, 432.033630371094, -5.03171396255493
[pos], 43483, 1047.1923828125, 442.601531982422, -5.12595796585083
[pos], 43499, 1052.32629394531, 451.783325195313, -5.22221803665161
[pos], 43516, 1065.89086914063, 469.853363037109, -5.40632104873657
[pos], 43533, 1065.89086914063, 469.853363037109, -5.40632104873657
[pos], 43549, 1082.94616699219, 485.411346435547, -5.59222888946533
[pos], 43566, 1092.59375, 491.980651855469, -5.68537425994873
[pos], 43583, 1102.69738769531, 497.539245605469, -5.78022193908691
[pos], 43599, 1102.69738769531, 497.539245605469, -5.78022193908691
[pos], 43616, 1113.87536621094, 502.393096923828, -5.87351942062378
[pos], 43633, 1125.19519042969, 506.038299560547, -5.9716534614563
[pos], 43649, 1138.20874023438, 508.896636962891, -6.06697607040405
[pos], 43666, 1149.46069335938, 510.139099121094, -6.17320919036865
[pos], 43683, 1161.91821289063, 510.389892578125, -6.26305675506592
[pos], 43699, 1173.42517089844, 509.486907958984, -6.36149787902832
[pos], 43716, 1184.57922363281, 507.582489013672, -6.4522910118103
[pos], 43733, 1194.29174804688, 505.022064208984, -6.54094409942627
[pos], 43749, 1206.68725585938, 500.690399169922, -6.61937427520752
[pos], 43766, 1215.94897460938, 496.349853515625, -6.72144174575806
[pos], 43783, 1226.26184082031, 490.479858398438, -6.80064582824707
[pos], 43799, 1237.42919921875, 482.691467285156, -6.89218187332153
[pos], 43816, 1246.10900878906, 475.178070068359, -6.99667739868164
[pos], 43833, 1253.38891601563, 467.664093017578, -7.08440065383911
[pos], 43849, 1261.87170410156, 457.384124755859, -7.16407442092896
[pos], 43866, 1268.37426757813, 447.648468017578, -7.26512050628662
[pos], 43883, 1273.9404296875, 437.471466064453, -7.35349893569946
[pos], 43899, 1278.5400390625, 426.982238769531, -7.44072818756104
[sad], 43899, detach, 0.77333333333333
[as], 43899, 0.28113117814064
[pos], 43916, 1282.45202636719, 415.465301513672, -7.526535987854
[pos], 43933, 1285.92163085938, 405.250640869141, -7.526535987854
[pos], 43949, 1289.53869628906, 394.602142333984, -7.526535987854
[pos], 43966, 1292.83447265625, 384.899261474609, -7.526535987854
[pos], 43983, 1296.76452636719, 373.329040527344, -7.526535987854
[pos], 43999, 1299.99584960938, 363.815887451172, -7.526535987854
[pos], 44016, 1303.57788085938, 353.270202636719, -7.526535987854
[pos], 44033, 1307.67492675781, 341.208343505859, -7.526535987854
[pos], 44049, 1310.96008300781, 331.536682128906, -7.526535987854
[pos], 44066, 1314.63391113281, 320.720794677734, -7.526535987854
[pos], 44083, 1318.48620605469, 309.379730224609, -7.526535987854
[pos], 44099, 1322.23229980469, 298.351165771484, -7.526535987854
[pos], 44116, 1325.78063964844, 287.904663085938, -7.526535987854
[pos], 44133, 1329.67712402344, 276.433471679688, -7.526535987854
[pos], 44149, 1333.40966796875, 265.444793701172, -7.526535987854
[pos], 44166, 1337.54272460938, 253.276977539063, -7.526535987854
[pos], 44183, 1342.90441894531, 241.307052612305, -7.43285083770752
[pos], 44199, 1348.52282714844, 231.124450683594, -7.34978103637695
[pos], 44216, 1354.90881347656, 221.516403198242, -7.26737594604492
[pos], 44233, 1361.97729492188, 212.559585571289, -7.18587589263916
[pos], 44249, 1369.52575683594, 204.41487121582, -7.1065559387207
[pos], 44266, 1385.55578613281, 190.6357421875, -6.95545625686646
[pos], 44283, 1395.00561523438, 184.29508972168, -6.87417125701904
[pos], 44299, 1404.94860839844, 178.73828125, -6.79281139373779
[pos], 44316, 1415.73022460938, 173.857528686523, -6.70827627182007
[pos], 44333, 1426.79370117188, 169.928634643555, -6.62441635131836
[pos], 44349, 1426.79370117188, 169.928634643555, -6.62441635131836
[pos], 44366, 1438.73327636719, 166.839981079102, -6.53632640838623
[pos], 44383, 1451.892578125, 164.743865966797, -6.44114637374878
[pos], 44399, 1462.70886230469, 163.871795654297, -6.36363649368286
[pos], 44416, 1474.26232910156, 163.895751953125, -6.28111171722412
[pos], 44433, 1485.6962890625, 164.858856201172, -6.19915151596069
[pos], 44449, 1498.75927734375, 167.220474243164, -6.10433149337769
[pos], 44466, 1511.56811523438, 169.5361328125, -6.10433149337769
[pos], 44483, 1522.70654296875, 171.5498046875, -6.10433149337769
[pos], 44499, 1534.49938964844, 173.681777954102, -6.10433149337769
[pos], 44516, 1546.45690917969, 175.843521118164, -6.10433149337769
[pos], 44533, 1558.25317382813, 177.976119995117, -6.10433149337769
[pos], 44549, 1570.52404785156, 180.194519042969, -6.10433149337769
[pos], 44566, 1580.94812011719, 182.079055786133, -6.10433149337769
[pos], 44583, 1592.537109375, 184.174163818359, -6.10433149337769
[pos], 44599, 1604.26318359375, 186.294052124023, -6.10433149337769
[pos], 44616, 1616.36462402344, 188.481811523438, -6.10433149337769
[pos], 44633, 1628.158203125, 190.613906860352, -6.10433149337769
[pos], 44649, 1640.20727539063, 192.792205810547, -6.10433149337769
[pos], 44666, 1652.23083496094, 194.965896606445, -6.10433149337769
[pos], 44683, 1664.56164550781, 197.195129394531, -6.10433149337769
[pos], 44699, 1674.85485839844, 199.055999755859, -6.10433149337769
[pos], 44716, 1687.87927246094, 201.410629272461, -6.10433149337769
[pos], 44733, 1700.29626464844, 204.859222412109, -6.01228141784668
[pos], 44749, 1710.75817871094, 208.683700561523, -5.93271636962891
[pos], 44766, 1721.97412109375, 213.94987487793, -5.84421157836914
[pos], 44783, 1732.70251464844, 220.202239990234, -5.75551652908325
[pos], 44799, 1741.62670898438, 226.375701904297, -5.67800664901733
[pos], 44816, 1751.40551757813, 234.549224853516, -5.58697175979614
[pos], 44833, 1759.0712890625, 242.022506713867, -5.51050186157227
[pos], 44849, 1759.0712890625, 242.022506713867, -5.51050186157227
[pos], 44866, 1769.54895019531, 252.237060546875, -5.51050186157227
[pos], 44883, 1777.54455566406, 260.031860351563, -5.51050186157227
[pos], 44899, 1787.07995605469, 269.327789306641, -5.51050186157227
[pos], 44916, 1794.91015625, 276.961334228516, -5.51050186157227
[pos], 44933, 1802.81848144531, 284.671112060547, -5.51050186157227
[pos], 44949, 1810.978515625, 292.626190185547, -5.51050186157227
[pos], 44966, 1819.9580078125, 301.380187988281, -5.51050186157227
[pos], 44983, 1827.74853515625, 308.975128173828, -5.51050186157227
[pos], 44999, 1837.541015625, 318.521728515625, -5.51050186157227
[pos], 45016, 1845.28100585938, 326.067321777344, -5.51050186157227
[pos], 45033, 1853.58630371094, 334.164123535156, -5.51050186157227
[pos], 45049, 1862.65307617188, 343.003173828125, -5.51050186157227
[pos], 45066, 1871.45861816406, 351.587615966797, -5.51050186157227
[pos], 45083, 1879.93884277344, 359.854949951172, -5.51050186157227
[pos], 45099, 1888.69274902344, 368.389068603516, -5.51050186157227
[pos], 45116, 1897.13391113281, 376.618286132813, -5.51050186157227
[pos], 45133, 1905.32922363281, 384.607757568359, -5.51050186157227
[pos], 45149, 1915.94140625, 394.953460693359, -5.51050186157227
[pos], 45166, 1923.94299316406, 402.754119873047, -5.51050186157227
[pos], 45183, 1932.61950683594, 411.212707519531, -5.51050186157227
[pos], 45199, 1941.00561523438, 419.388275146484, -5.51050186157227
[pos], 45216, 1949.47631835938, 427.646209716797, -5.51050186157227
[pos], 45233, 1957.92504882813, 435.882751464844, -5.51050186157227
[sad], 45233, attach, 0.37333333333333
[pos], 45249, 1965.90344238281, 443.660736083984, -5.51050186157227
[pos], 45266, 1965.25122070313, 455.999694824219, -4.65958261489868
[pos], 45283, 1965.25122070313, 455.999694824219, -4.65958261489868
[pos], 45299, 1966.43676757813, 468.262451171875, -4.80876398086548
[pos], 45316, 1969.84619140625, 481.986633300781, -4.955885887146
[pos], 45333, 1974.75622558594, 493.277404785156, -5.12258863449097
[pos], 45349, 1981.95617675781, 504.924438476563, -5.26606464385986
[pos], 45366, 1990.77661132813, 515.157958984375, -5.42376232147217
[pos], 45383, 2000.87536621094, 523.762817382813, -5.57748985290527
[pos], 45399, 2010.83630371094, 529.958557128906, -5.72674465179443
[pos], 45416, 2022.65270996094, 535.316650390625, -5.85747003555298
[pos], 45433, 2022.65270996094, 535.316650390625, -5.85747003555298
[pos], 45449, 2037.50329589844, 539.627685546875, -6.00065898895264
[pos], 45466, 2050.3740234375, 541.102111816406, -6.16912412643433
[pos], 45483, 2064.26879882813, 540.747802734375, -6.30867862701416
[pos], 45499, 2077.78662109375, 538.376647949219, -6.45682764053345
[pos], 45516, 2090.63037109375, 534.1435546875, -6.6015567779541
[pos], 45533, 2100.873046875, 529.074768066406, -6.74272537231445
[pos], 45549, 2100.873046875, 529.074768066406, -6.74272537231445
[pos], 45566, 2111.68627929688, 522.02294921875, -6.86107158660889
[pos], 45583, 2121.96850585938, 513.176635742188, -6.99366235733032
[pos], 45599, 2129.61401367188, 504.499755859375, -7.13168430328369
[pos], 45616, 2136.96801757813, 493.876983642578, -7.24845552444458
[pos], 45633, 2142.75854492188, 482.647735595703, -7.37788677215576
[pos], 45649, 2147.11206054688, 470.740997314453, -7.50343990325928
[pos], 45666, 2150.02075195313, 458.063720703125, -7.62843799591064
[pos], 45683, 2151.30200195313, 445.073852539063, -7.75565576553345
[pos], 45699, 2150.93115234375, 431.982116699219, -7.88230037689209
[pos], 45716, 2148.82299804688, 418.435668945313, -8.00836086273193
[pos], 45733, 2145.76342773438, 408.001892089844, -8.13921546936035
[pos], 45749, 2141.50415039063, 397.591217041016, -8.24233531951904
[pos], 45766, 2141.50415039063, 397.591217041016, -8.24233531951904
[pos], 45783, 2134.98486328125, 385.498382568359, -8.34842395782471
[pos], 45799, 2125.98486328125, 372.972747802734, -8.47703838348389
[pos], 45816, 2116.43579101563, 363.047241210938, -8.62005233764648
[pos], 45833, 2105.38232421875, 354.142852783203, -8.74664688110352
[pos], 45849, 2094.15747070313, 347.280212402344, -8.87603282928467
[pos], 45866, 2083.81591796875, 342.540954589844, -8.99506282806396
[pos], 45883, 2071.85546875, 338.478912353516, -9.09738063812256
[pos], 45899, 2071.85546875, 338.478912353516, -9.09738063812256
[pos], 45916, 2059.69189453125, 335.829467773438, -9.21031188964844
[pos], 45933, 2045.71862792969, 334.372985839844, -9.32091999053955
[pos], 45949, 2033.41296386719, 334.620056152344, -9.44485282897949
[pos], 45966, 2021.22705078125, 336.187866210938, -9.55273151397705
[pos], 45983, 2008.73510742188, 339.178985595703, -9.65979862213135
[pos], 45999, 1996.41491699219, 343.624389648438, -9.7710599899292
[pos], 46016, 1986.29711914063, 348.624877929688, -9.8837947845459
[pos], 46033, 1974.90344238281, 355.699310302734, -9.98042964935303
[pos], 46049, 1964.78161621094, 363.715209960938, -10.0945844650269
[pos], 46066, 1956.0078125, 372.378021240234, -10.2038097381592
[pos], 46083, 1948.55053710938, 381.449554443359, -10.3075332641602
[pos], 46099, 1948.55053710938, 381.449554443359, -10.3075332641602
[pos], 46116, 1940.78979492188, 393.046875, -10.4058275222778
[pos], 46133, 1934.42553710938, 405.463195800781, -10.521918296814
[pos], 46149, 1929.50805664063, 418.592834472656, -10.6372175216675
[pos], 46166, 1926.73706054688, 429.757934570313, -10.7523107528687
[pos], 46183, 1924.73193359375, 443.087158203125, -10.8462600708008
[pos], 46199, 1924.23706054688, 455.505096435547, -10.9557399749756
[pos], 46216, 1925.00769042969, 468.212646484375, -11.0561408996582
[pos], 46233, 1927.07495117188, 480.791625976563, -11.1584587097168
[pos], 46249, 1930.03759765625, 491.716766357422, -11.2603788375854
[pos], 46266, 1934.49597167969, 503.746826171875, -11.3504810333252
[pos], 46283, 1939.50402832031, 513.943664550781, -11.452112197876
[pos], 46299, 1939.50402832031, 513.943664550781, -11.452112197876
[pos], 46316, 1946.45300292969, 525.376647949219, -11.5417079925537
[pos], 46333, 1955.03991699219, 536.645935058594, -11.6466979980469
[pos], 46349, 1964.18505859375, 546.236206054688, -11.7572212219238
[pos], 46366, 1974.33215332031, 554.893676757813, -11.8600225448608
[pos], 46383, 1984.88793945313, 562.168395996094, -11.9629507064819
[pos], 46399, 1996.6240234375, 568.656066894531, -12.0613813400269
[pos], 46416, 2008.18078613281, 573.576965332031, -12.163818359375
[pos], 46433, 2019.15588378906, 577.057067871094, -12.2593097686768
[pos], 46449, 2031.85485839844, 579.895263671875, -12.3464851379395
[pos], 46466, 2031.85485839844, 579.895263671875, -12.3464851379395
[pos], 46483, 2044.84997558594, 581.485961914063, -12.4445676803589
[pos], 46499, 2058.1455078125, 581.799743652344, -12.5427770614624
[pos], 46516, 2071.88354492188, 580.758056640625, -12.6420516967773
[pos], 46533, 2085.08837890625, 578.382446289063, -12.7443695068359
[pos], 46549, 2097.80810546875, 574.764221191406, -12.8435087203979
[pos], 46566, 2109.98486328125, 569.979736328125, -12.9407577514648
[pos], 46583, 2119.58032226563, 565.103759765625, -13.0365228652954
[pos], 46599, 2130.8291015625, 558.227905273438, -13.1150255203247
[pos], 46616, 2140.93920898438, 550.630920410156, -13.210789680481
[pos], 46633, 2140.93920898438, 550.630920410156, -13.210789680481
[pos], 46649, 2150.30883789063, 542.14599609375, -13.3022527694702
[pos], 46666, 2159.72192382813, 531.916687011719, -13.3932952880859
[pos], 46683, 2167.10424804688, 522.08837890625, -13.4929485321045
[pos], 46699, 2173.98754882813, 511.022674560547, -13.5806941986084
[pos], 46716, 2179.74975585938, 499.503509521484, -13.6733360290527
[pos], 46733, 2183.6552734375, 489.512939453125, -13.7645130157471
[pos], 46749, 2187.65893554688, 476.429626464844, -13.8401985168457
[pos], 46766, 2190.17724609375, 464.058166503906, -13.9363460540771
[pos], 46783, 2191.66430664063, 450.890899658203, -14.0246992111206
[pos], 46799, 2191.92895507813, 437.741973876953, -14.1170473098755
[pos], 46816, 2191.09887695313, 426.096221923828, -14.2083177566528
[pos], 46833, 2191.09887695313, 426.096221923828, -14.2083177566528
[pos], 46849, 2189.17333984375, 413.516723632813, -14.2890558242798
[pos], 46866, 2185.92749023438, 400.228698730469, -14.3767375946045
[pos], 46883, 2182.21875, 389.520477294922, -14.4705867767334
[pos], 46899, 2177.15502929688, 377.898681640625, -14.5480680465698
[pos], 46916, 2171.18041992188, 366.891174316406, -14.6344413757324
[pos], 46933, 2164.11669921875, 356.163604736328, -14.7194633483887
[pos], 46949, 2156.04174804688, 345.953704833984, -14.8063325881958
[pos], 46966, 2147.22900390625, 336.623138427734, -14.8940353393555
[pos], 46983, 2137.73120117188, 328.161346435547, -14.9801816940308
[pos], 46999, 2127.57299804688, 320.55517578125, -15.0652523040771
[pos], 47016, 2116.85498046875, 313.863098144531, -15.1498155593872
[pos], 47033, 2106.81201171875, 308.707824707031, -15.233717918396
[pos], 47049, 2095.14868164063, 303.783386230469, -15.3084487915039
[pos], 47066, 2095.14868164063, 303.783386230469, -15.3084487915039
[pos], 47083, 2082.70532226563, 299.715301513672, -15.3919868469238
[pos], 47099, 2068.78466796875, 296.457244873047, -15.4780559539795
[pos], 47116, 2055.47973632813, 294.632415771484, -15.5716600418091
[pos], 47133, 2042.62829589844, 294.005645751953, -15.6592321395874
[pos], 47149, 2030.09753417969, 294.442749023438, -15.7428312301636
[pos], 47166, 2017.86108398438, 295.869323730469, -15.8240242004395
[pos], 47183, 2005.212890625, 298.375091552734, -15.9035425186157
[pos], 47199, 1993.39465332031, 301.754669189453, -15.9864921569824
[pos], 47216, 1983.03466796875, 305.622894287109, -16.065315246582
[pos], 47233, 1972.02307128906, 310.647369384766, -16.1360359191895
[pos], 47249, 1961.13830566406, 316.668273925781, -16.2132225036621
[pos], 47266, 1951.50476074219, 323.039825439453, -16.2923049926758
[pos], 47283, 1941.0771484375, 331.092071533203, -16.3655261993408
[pos], 47299, 1941.0771484375, 331.092071533203, -16.3655261993408
[pos], 47316, 1930.421875, 340.837249755859, -16.4487800598145
[pos], 47333, 1922.75244140625, 349.252075195313, -16.5396728515625
[pos], 47349, 1914.39221191406, 359.855773925781, -16.6111183166504
[pos], 47366, 1907.12023925781, 370.878601074219, -16.6955795288086
[pos], 47383, 1900.98559570313, 382.085021972656, -16.7778930664063
[pos], 47399, 1895.81640625, 393.614227294922, -16.8572731018066
[pos], 47416, 1891.46826171875, 405.781219482422, -16.9355354309082
[pos], 47433, 1888.140625, 418.118835449219, -17.0153141021729
[pos], 47449, 1886.08288574219, 429.127471923828, -17.0939712524414
[pos], 47466, 1884.61901855469, 441.686553955078, -17.1627254486084
[pos], 47483, 1884.61901855469, 441.686553955078, -17.1627254486084
[pos], 47499, 1884.12194824219, 454.549957275391, -17.2401371002197
[pos], 47516, 1884.61999511719, 467.010498046875, -17.3187065124512
[pos], 47533, 1886.14013671875, 480.075347900391, -17.3945960998535
[pos], 47549, 1888.56103515625, 492.29150390625, -17.4743919372559
[pos], 47566, 1891.90002441406, 504.31103515625, -17.5497226715088
[pos], 47583, 1896.07897949219, 515.895446777344, -17.6249675750732
[pos], 47599, 1901.53930664063, 528.113403320313, -17.6990432739258
[pos], 47616, 1907.74487304688, 539.458190917969, -17.7792930603027
[pos], 47633, 1914.84436035156, 550.345581054688, -17.8565979003906
[pos], 47649, 1922.59362792969, 560.427734375, -17.9340686798096
[pos], 47666, 1930.18579101563, 568.896362304688, -18.0096416473389
[pos], 47683, 1930.18579101563, 568.896362304688, -18.0096416473389
[pos], 47699, 1939.900390625, 578.363342285156, -18.0770683288574
[pos], 47716, 1951.09704589844, 587.647766113281, -18.1572513580322
[pos], 47733, 1961.64733886719, 594.968688964844, -18.2429294586182
[pos], 47749, 1973.17297363281, 601.740661621094, -18.3183345794678
[pos], 47766, 1985.15124511719, 607.570617675781, -18.3965969085693
[pos], 47783, 1995.26538085938, 611.55419921875, -18.4743518829346
[pos], 47799, 2007.74780273438, 615.578918457031, -18.5376510620117
[pos], 47816, 2020.80517578125, 618.715270996094, -18.6138229370117
[pos], 47833, 2032.45190429688, 620.570617675781, -18.6915836334229
[pos], 47849, 2032.45190429688, 620.570617675781, -18.6915836334229
[pos], 47866, 2045.63195800781, 621.758117675781, -18.7597007751465
[pos], 47883, 2058.99438476563, 621.940246582031, -18.8359279632568
[pos], 47899, 2072.14624023438, 621.108947753906, -18.9126796722412
[sad], 47899, detach, 0.90666666666667
[as], 47899, 0.99997419118881
[pos], 47916, 2086.24365234375, 619.142578125, -18.9881477355957
[pos], 47933, 2096.21899414063, 617.751159667969, -18.9881477355957
[pos], 47949, 2108.73999023438, 616.004638671875, -18.9881477355957
[pos], 47966, 2121.1640625, 614.271667480469, -18.9881477355957
[pos], 47983, 2133.73876953125, 612.517700195313, -18.9881477355957
[pos], 47999, 2146.80297851563, 610.695434570313, -18.9881477355957
[pos], 48016, 2158.52685546875, 609.060119628906, -18.9881477355957
[pos], 48033, 2170.296875, 607.418395996094, -18.9881477355957
[pos], 48049, 2181.95874023438, 605.791748046875, -18.9881477355957
[pos], 48066, 2181.95874023438, 605.791748046875, -18.9881477355957
[pos], 48083, 2194.22607421875, 604.080627441406, -18.9881477355957
[pos], 48099, 2207.79418945313, 602.188049316406, -18.9881477355957
[pos], 48116, 2220.47143554688, 600.419738769531, -18.9881477355957
[pos], 48133, 2232.79467773438, 598.700805664063, -18.9881477355957
[pos], 48149, 2245.59057617188, 596.915954589844, -18.9881477355957
[pos], 48166, 2258.65478515625, 595.093688964844, -18.9881477355957
[pos], 48183, 2271.75317382813, 593.266662597656, -18.9881477355957
[pos], 48199, 2285.04833984375, 591.412170410156, -18.9881477355957
[pos], 48216, 2296.87158203125, 589.763000488281, -18.9881477355957
[pos], 48233, 2296.87158203125, 589.763000488281, -18.9881477355957
[pos], 48249, 2310.87109375, 587.810241699219, -18.9881477355957
[pos], 48266, 2324.58642578125, 585.897155761719, -18.9881477355957
[pos], 48283, 2338.59301757813, 583.943420410156, -18.9881477355957
[pos], 48299, 2351.13256835938, 582.1943359375, -18.9881477355957
[pos], 48316, 2363.01489257813, 580.536926269531, -18.9881477355957
[pos], 48333, 2375.2333984375, 578.832641601563, -18.9881477355957
[pos], 48349, 2387.85961914063, 577.071472167969, -18.9881477355957
[pos], 48366, 2398.71508789063, 575.557250976563, -18.9881477355957
[pos], 48383, 2411.5478515625, 573.767272949219, -18.9881477355957
[pos], 48399, 2411.5478515625, 573.767272949219, -18.9881477355957
[pos], 48416, 2424.71557617188, 571.930603027344, -18.9881477355957
[pos], 48433, 2438.26806640625, 570.040222167969, -18.9881477355957
[pos], 48449, 2450.54956054688, 568.327087402344, -18.9881477355957
[pos], 48466, 2463.15844726563, 566.568359375, -18.9881477355957
[pos], 48483, 2475.92944335938, 564.786987304688, -18.9881477355957
[pos], 48499, 2487.95947265625, 563.109008789063, -18.9881477355957
[pos], 48516, 2498.5439453125, 561.632629394531, -18.9881477355957
[pos], 48533, 2511.09106445313, 559.882507324219, -18.9881477355957
[pos], 48549, 2522.458984375, 558.296875, -18.9881477355957
[pos], 48566, 2535.64111328125, 556.458129882813, -18.9881477355957
[pos], 48583, 2547.50122070313, 554.803833007813, -18.9881477355957
[pos], 48599, 2558.95922851563, 553.205627441406, -18.9881477355957
[pos], 48616, 2571.49536132813, 551.45703125, -18.9881477355957
[pos], 48633, 2583.2744140625, 549.814025878906, -18.9881477355957
[pos], 48649, 2595.9150390625, 548.050842285156, -18.9881477355957
[pos], 48666, 2605.6708984375, 546.690002441406, -18.9881477355957
[pos], 48683, 2619.2939453125, 544.789794921875, -18.9881477355957
[pos], 48699, 2632.15869140625, 542.995361328125, -18.9881477355957
[pos], 48716, 2642.0380859375, 541.617309570313, -18.9881477355957
[pos], 48733, 2655.24096679688, 539.775695800781, -18.9881477355957
[pos], 48749, 2666.0888671875, 538.262573242188, -18.9881477355957
[pos], 48766, 2666.0888671875, 538.262573242188, -18.9881477355957
[pos], 48783, 2679.1240234375, 536.4443359375, -18.9881477355957
[pos], 48799, 2690.94116210938, 534.796020507813, -18.9881477355957
[pos], 48816, 2703.90087890625, 532.988342285156, -18.9881477355957
[pos], 48833, 2715.61547851563, 531.354309082031, -18.9881477355957
[pos], 48849, 2728.1787109375, 529.601928710938, -18.9881477355957
[sad], 48849, attach, 0.62166666666666
[pos], 48866, 2739.1875, 528.066345214844, -18.9881477355957
[pos], 48883, 2741.58520507813, 539.529907226563, -17.4849510192871
[pos], 48899, 2746.44970703125, 552.67919921875, -17.6330966949463
[pos], 48916, 2753.158203125, 564.148803710938, -17.8079948425293
[pos], 48933, 2761.35913085938, 574.031372070313, -17.9714336395264
[pos], 48949, 2770.92749023438, 582.459777832031, -18.1274166107178
[pos], 48966, 2781.8935546875, 589.474731445313, -18.2804622650146
[pos], 48983, 2792.6220703125, 594.19775390625, -18.4348583221436
[pos], 48999, 2792.6220703125, 594.19775390625, -18.4348583221436
[pos], 49016, 2805.54321289063, 597.872680664063, -18.5724620819092
[pos], 49033, 2819.46630859375, 599.568115234375, -18.7283821105957
[pos], 49049, 2832.92236328125, 599.035461425781, -18.8891201019287
[pos], 49066, 2844.55541992188, 596.773620605469, -19.0415897369385
[pos], 49083, 2859.46020507813, 591.753051757813, -19.1744613647461
[pos], 49099, 2869.75219726563, 586.144653320313, -19.3485012054443
[pos], 49116, 2880.052734375, 578.677185058594, -19.4768409729004
[pos], 49133, 2880.052734375, 578.677185058594, -19.4768409729004
[pos], 49149, 2889.85473632813, 569.261108398438, -19.6148815155029
[pos], 49166, 2898.1923828125, 558.507385253906, -19.7608413696289
[pos], 49183, 2904.47924804688, 547.396789550781, -19.9054317474365
[pos], 49199, 2909.11328125, 535.813232421875, -20.0397968292236
[pos], 49216, 2912.21337890625, 523.691589355469, -20.1699733734131
[pos], 49233, 2913.70727539063, 511.398315429688, -20.2994270324707
[pos], 49249, 2913.62548828125, 498.135681152344, -20.4265098571777
[pos], 49266, 2911.82055664063, 485.425903320313, -20.5614242553711
[pos], 49283, 2908.9033203125, 474.907135009766, -20.6908855438232
[pos], 49299, 2904.03930664063, 462.724945068359, -20.8002223968506
[pos], 49316, 2897.94848632813, 451.842315673828, -20.930606842041
[pos], 49333, 2891.02709960938, 442.413757324219, -21.0535945892334
[pos], 49349, 2891.02709960938, 442.413757324219, -21.0535945892334
[pos], 49366, 2882.22119140625, 432.91943359375, -21.1681442260742
[pos], 49383, 2872.53247070313, 424.806182861328, -21.2940216064453
[pos], 49399, 2861.15185546875, 417.427581787109, -21.4159317016602
[pos], 49416, 2849.56640625, 411.896362304688, -21.5457172393799
[pos], 49433, 2838.87255859375, 408.310516357422, -21.6676139831543
[pos], 49449, 2825.72216796875, 405.409698486328, -21.7740383148193
[pos], 49466, 2812.85009765625, 404.235626220703, -21.9001903533936
[pos], 49483, 2800.25537109375, 404.603759765625, -22.0203704833984
[pos], 49499, 2787.59204101563, 406.460266113281, -22.1367149353027
[pos], 49516, 2774.78491210938, 409.907531738281, -22.2540855407715
[pos], 49533, 2763.61254882813, 414.417846679688, -22.3748435974121
[pos], 49549, 2763.61254882813, 414.417846679688, -22.3748435974121
[pos], 49566, 2751.80615234375, 420.756134033203, -22.4838428497314
[pos], 49583, 2741.83374023438, 427.772216796875, -22.604248046875
[pos], 49599, 2731.798828125, 436.608337402344, -22.7131099700928
[pos], 49616, 2723.22802734375, 446.180541992188, -22.8316898345947
[pos], 49633, 2715.94458007813, 456.446624755859, -22.9448871612549
[pos], 49649, 2709.54833984375, 467.966827392578, -23.0550975799561
[pos], 49666, 2704.6787109375, 479.739410400391, -23.1697311401367
[pos], 49683, 2701.02783203125, 492.337646484375, -23.2798748016357
[pos], 49699, 2698.89331054688, 504.818756103516, -23.3925647735596
[pos], 49716, 2698.18920898438, 516.302368164063, -23.5006999969482
[pos], 49733, 2698.65869140625, 529.156311035156, -23.5984477996826
[pos], 49749, 2698.65869140625, 529.156311035156, -23.5984477996826
[pos], 49766, 2700.5478515625, 542.077453613281, -23.707124710083
[pos], 49783, 2704.02563476563, 555.4267578125, -23.8167991638184
[pos], 49799, 2708.5009765625, 566.966003417969, -23.9319133758545
[pos], 49816, 2714.75537109375, 579.197937011719, -24.0346050262451
[pos], 49833, 2721.9248046875, 589.999877929688, -24.1479034423828
[pos], 49849, 2730.38110351563, 600.199035644531, -24.2541923522949
[pos], 49866, 2739.59106445313, 609.1396484375, -24.3621864318848
[pos], 49883, 2749.55615234375, 616.97802734375, -24.4662322998047
[pos], 49899, 2759.07373046875, 623.001953125, -24.5684585571289
[pos], 49916, 2759.07373046875, 623.001953125, -24.5684585571289
[pos], 49933, 2771.00415039063, 629.120361328125, -24.6588745117188
[pos], 49949, 2784.5458984375, 634.322937011719, -24.7659435272217
[pos], 49966, 2797.12524414063, 637.557556152344, -24.8810539245605
[pos], 49983, 2809.74243164063, 639.454284667969, -24.9835300445557
[pos], 49999, 2822.31616210938, 640.071594238281, -25.0836849212646
[pos], 50016, 2835.21118164063, 639.435668945313, -25.1820182800293
[pos], 50033, 2847.91821289063, 637.520080566406, -25.2823657989502
[pos], 50049, 2858.75366210938, 634.764709472656, -25.3817520141602
[pos], 50066, 2870.9970703125, 630.500854492188, -25.4678630828857
[pos], 50083, 2870.9970703125, 630.500854492188, -25.4678630828857
[pos], 50099, 2883.5029296875, 624.69677734375, -25.5672645568848
[pos], 50116, 2896.67407226563, 616.807556152344, -25.6724090576172
[pos], 50133, 2907.96215820313, 608.11865234375, -25.7887535095215
[pos], 50149, 2917.90087890625, 598.609680175781, -25.8960437774658
[pos], 50166, 2926.92236328125, 587.995544433594, -25.9990787506104
[pos], 50183, 2933.41674804688, 578.516357421875, -26.1028652191162
[pos], 50199, 2933.41674804688, 578.516357421875, -26.1028652191162
[pos], 50216, 2940.09936523438, 566.720092773438, -26.1881160736084
[pos], 50233, 2946.24584960938, 552.7802734375, -26.2882461547852
[pos], 50249, 2950.65649414063, 538.693725585938, -26.4001045227051
[pos], 50266, 2953.2919921875, 525.398315429688, -26.5078392028809
[pos], 50283, 2954.44995117188, 513.53369140625, -26.6062564849854
[pos], 50299, 2954.59057617188, 500.833679199219, -26.6924610137939
[pos], 50316, 2954.59057617188, 500.833679199219, -26.6924610137939
[sad], 50316, detach, 0.915
[as], 50316, -0.84273445606232
[pos], 50333, 2953.43530273438, 486.495147705078, -26.7839336395264
[pos], 50349, 2952.43920898438, 474.131622314453, -26.7839336395264
[pos], 50366, 2951.41821289063, 461.457977294922, -26.7839336395264
[pos], 50383, 2950.43676757813, 449.276550292969, -26.7839336395264
[pos], 50399, 2949.42993164063, 436.779052734375, -26.7839336395264
[pos], 50416, 2948.34545898438, 423.318634033203, -26.7839336395264
[pos], 50433, 2947.43920898438, 412.072113037109, -26.7839336395264
[pos], 50449, 2946.34155273438, 398.449310302734, -26.7839336395264
[pos], 50466, 2945.42724609375, 387.102020263672, -26.7839336395264
[pos], 50483, 2944.47509765625, 375.285736083984, -26.7839336395264
[pos], 50499, 2943.51586914063, 363.378845214844, -26.7839336395264
[pos], 50516, 2942.53198242188, 351.168121337891, -26.7839336395264
[pos], 50533, 2942.53198242188, 351.168121337891, -26.7839336395264
[pos], 50549, 2941.521484375, 338.626586914063, -26.7839336395264
[pos], 50566, 2940.47119140625, 325.591766357422, -26.7839336395264
[pos], 50583, 2939.5380859375, 314.009979248047, -26.7839336395264
[pos], 50599, 2938.56103515625, 301.884063720703, -26.7839336395264
[pos], 50616, 2937.5693359375, 289.575836181641, -26.7839336395264
[pos], 50633, 2936.61547851563, 277.736877441406, -26.7839336395264
[pos], 50649, 2935.75122070313, 267.011444091797, -26.7839336395264
[pos], 50666, 2934.74340820313, 254.50227355957, -26.7839336395264
[pos], 50683, 2933.78247070313, 242.574005126953, -26.7839336395264
[pos], 50699, 2932.84814453125, 230.977523803711, -26.7839336395264
[pos], 50716, 2932.0, 220.451766967773, -26.7839336395264
[pd], 50716, asteroid
[pos], 50733, 2932.0, 220.451766967773, -26.7839336395264
[pos], 50749, 2932.0, 220.451766967773, -26.7839336395264
[pos], 50766, 2932.0, 220.451766967773, -26.7839336395264
[pos], 50783, 2932.0, 220.451766967773, -26.7839336395264
[pos], 50799, 2932.0, 220.451766967773, -26.7839336395264
[pos], 50816, 2932.0, 220.451766967773, -26.7839336395264
[pos], 50833, 2932.0, 220.451766967773, -26.7839336395264
[pos], 50849, 2932.0, 220.451766967773, -26.7839336395264
[pos], 50866, 2932.0, 220.451766967773, -26.7839336395264
[pos], 50883, 2932.0, 220.451766967773, -26.7839336395264
[pos], 50899, 2932.0, 220.451766967773, -26.7839336395264
[pos], 50916, 2932.0, 220.451766967773, -26.7839336395264
[pos], 50933, 2932.0, 220.451766967773, -26.7839336395264
[pos], 50949, 2932.0, 220.451766967773, -26.7839336395264
[pos], 50966, 2932.0, 220.451766967773, -26.7839336395264
[pos], 50983, 2932.0, 220.451766967773, -26.7839336395264
[pos], 50999, 2932.0, 220.451766967773, -26.7839336395264
[pos], 51016, 2932.0, 220.451766967773, -26.7839336395264
[pos], 51033, 2932.0, 220.451766967773, -26.7839336395264
[pos], 51049, 2932.0, 220.451766967773, -26.7839336395264
[pos], 51066, 2932.0, 220.451766967773, -26.7839336395264
[pos], 51083, 2932.0, 220.451766967773, -26.7839336395264
[pos], 51099, 2932.0, 220.451766967773, -26.7839336395264
[pos], 51116, 2932.0, 220.451766967773, -26.7839336395264
[pos], 51133, 2932.0, 220.451766967773, -26.7839336395264
[pos], 51149, 2932.0, 220.451766967773, -26.7839336395264
[pos], 51166, 2932.0, 220.451766967773, -26.7839336395264
[pos], 51183, 2932.0, 220.451766967773, -26.7839336395264
[pos], 51199, 2932.0, 220.451766967773, -26.7839336395264
[pos], 51216, 2932.0, 220.451766967773, -26.7839336395264
[pos], 51233, 2932.0, 220.451766967773, -26.7839336395264
[pos], 51249, 2932.0, 220.451766967773, -26.7839336395264
[pos], 51266, 2932.0, 220.451766967773, -26.7839336395264
[pos], 51283, 2932.0, 220.451766967773, -26.7839336395264
[pos], 51299, 2932.0, 220.451766967773, -26.7839336395264
[pos], 51316, 2932.0, 220.451766967773, -26.7839336395264
[pos], 51333, 2932.0, 220.451766967773, -26.7839336395264
[pos], 51349, 2932.0, 220.451766967773, -26.7839336395264
[pos], 51366, 2932.0, 220.451766967773, -26.7839336395264
[pos], 51383, 2932.0, 220.451766967773, -26.7839336395264
[pos], 51399, 2932.0, 220.451766967773, -26.7839336395264
[pos], 51416, 2932.0, 220.451766967773, -26.7839336395264
[pos], 51433, 2932.0, 220.451766967773, -26.7839336395264
[pos], 51449, 2932.0, 220.451766967773, -26.7839336395264
[pos], 51466, 2932.0, 220.451766967773, -26.7839336395264
[pos], 51483, 2932.0, 220.451766967773, -26.7839336395264
[pos], 51499, 2932.0, 220.451766967773, -26.7839336395264
[pos], 51516, 2932.0, 220.451766967773, -26.7839336395264
[pos], 51533, 2932.0, 220.451766967773, -26.7839336395264
[pos], 51549, 2932.0, 220.451766967773, -26.7839336395264
[pos], 51566, 2932.0, 220.451766967773, -26.7839336395264
[pos], 51583, 2932.0, 220.451766967773, -26.7839336395264
[pos], 51599, 2932.0, 220.451766967773, -26.7839336395264
[pos], 51616, 2932.0, 220.451766967773, -26.7839336395264
[pos], 51633, 2932.0, 220.451766967773, -26.7839336395264
[pos], 51649, 2932.0, 220.451766967773, -26.7839336395264
[pos], 51666, 2932.0, 220.451766967773, -26.7839336395264
[pos], 51683, 2932.0, 220.451766967773, -26.7839336395264
[pos], 51699, 2932.0, 220.451766967773, -26.7839336395264
[pos], 51716, 2932.0, 220.451766967773, -26.7839336395264
[pos], 51733, 2932.0, 220.451766967773, -26.7839336395264
[pos], 51749, 2932.0, 220.451766967773, -26.7839336395264
[pos], 51766, 768.0, 384.0, 0.0
[pos], 51783, 768.0, 384.0, 0.0
[pos], 51799, 785.104675292969, 384.0, 0.0
[pos], 51816, 798.446533203125, 384.0, 0.0
[pos], 51833, 806.206420898438, 384.0, 0.0
[pos], 51849, 814.220092773438, 384.0, 0.0
[pos], 51866, 821.901184082031, 384.0, 0.0
[pos], 51883, 830.152709960938, 384.0, 0.0
[pos], 51899, 837.958251953125, 384.0, 0.0
[pos], 51916, 845.889892578125, 384.0, 0.0
[pos], 51933, 854.021545410156, 384.0, 0.0
[pos], 51949, 862.034301757813, 384.0, 0.0
[pos], 51966, 871.308044433594, 384.0, 0.0
[pos], 51983, 871.308044433594, 384.0, 0.0
[pos], 51999, 880.510009765625, 384.0, 0.0
[pos], 52016, 889.569885253906, 384.0, 0.0
[pos], 52033, 898.334899902344, 384.0, 0.0
[pos], 52049, 908.318115234375, 384.0, 0.0
[pos], 52066, 917.958312988281, 384.0, 0.0
[pos], 52083, 926.237060546875, 384.0, 0.0
[pos], 52099, 935.691162109375, 384.0, 0.0
[pos], 52116, 945.587158203125, 384.0, 0.0
[pos], 52133, 954.5556640625, 384.0, 0.0
[pos], 52149, 962.671081542969, 384.0, 0.0
[pos], 52166, 972.903503417969, 384.0, 0.0
[pos], 52183, 982.310852050781, 384.0, 0.0
[pos], 52199, 991.424072265625, 384.0, 0.0
[pos], 52216, 1001.07580566406, 384.0, 0.0
[pos], 52233, 1010.10784912109, 384.0, 0.0
[pos], 52249, 1019.04803466797, 384.0, 0.0
[pos], 52266, 1028.65686035156, 384.0, 0.0
[pos], 52283, 1028.65686035156, 384.0, 0.0
[pos], 52299, 1036.64965820313, 384.0, 0.0
[pos], 52316, 1044.81286621094, 384.0, 0.0
[pos], 52333, 1054.3935546875, 384.0, 0.0
[pos], 52349, 1063.38232421875, 384.0, 0.0
[sad], 52349, attach, 0.475
[pos], 52366, 1072.83544921875, 384.0, 0.0
[pos], 52383, 1072.83544921875, 393.382141113281, 1.57079637050629
[pos], 52399, 1073.92724609375, 402.594360351563, 1.45283222198486
[pos], 52416, 1076.15576171875, 411.951385498047, 1.33698523044586
[pos], 52433, 1079.89697265625, 422.102874755859, 1.21770417690277
[pos], 52449, 1083.99572753906, 429.859069824219, 1.0846483707428
[pos], 52466, 1089.25305175781, 437.655059814453, 0.97748947143555
[pos], 52483, 1095.83264160156, 445.349578857422, 0.86334764957428
[pos], 52499, 1103.78283691406, 452.628204345703, 0.74132907390594
[pos], 52516, 1110.99035644531, 457.692077636719, 0.61245900392532
[pos], 52533, 1120.84729003906, 463.177459716797, 0.50782001018524
[pos], 52549, 1129.45715332031, 466.565032958984, 0.37485086917877
[pos], 52566, 1138.91870117188, 469.148315429688, 0.26653516292572
[pos], 52583, 1148.50219726563, 470.620635986328, 0.15243777632713
[pos], 52599, 1160.35693359375, 471.099334716797, 0.04035883396864
[pos], 52616, 1170.02990722656, 470.171234130859, -0.09565428644419
[pos], 52633, 1180.67236328125, 467.944458007813, -0.20625790953636
[pos], 52649, 1190.47607421875, 464.595855712891, -0.32913929224014
[pos], 52666, 1199.27856445313, 460.393615722656, -0.44540074467659
[pos], 52683, 1207.93347167969, 455.037231445313, -0.55418705940247
[pos], 52699, 1216.26928710938, 448.473785400391, -0.66699975728989
[pos], 52716, 1223.78967285156, 440.977233886719, -0.78380966186523
[pos], 52733, 1230.68591308594, 432.288177490234, -0.89992761611938
[pos], 52749, 1236.27099609375, 423.187164306641, -1.02037668228149
[pos], 52766, 1240.80444335938, 413.438049316406, -1.13552737236023
[pos], 52783, 1244.39404296875, 402.609497070313, -1.25070297718048
[pos], 52799, 1246.65490722656, 391.384613037109, -1.37204098701477
[pos], 52816, 1247.59631347656, 379.318450927734, -1.49293780326843
[pos], 52833, 1247.02209472656, 367.593383789063, -1.6197292804718
[pos], 52849, 1245.00341796875, 355.901641845703, -1.74177157878876
[pos], 52866, 1241.63977050781, 344.768188476563, -1.8641984462738
[pos], 52883, 1236.86352539063, 333.855102539063, -1.98334169387817
[pos], 52899, 1231.60998535156, 324.964111328125, -2.10448932647705
[pos], 52916, 1224.64172363281, 315.567474365234, -2.20887637138367
[pos], 52933, 1216.43688964844, 306.858001708984, -2.32636642456055
[pos], 52949, 1207.52795410156, 299.416320800781, -2.4456934928894
[pos], 52966, 1197.62512207031, 292.915252685547, -2.56067180633545
[pos], 52983, 1187.63000488281, 287.908599853516, -2.67721843719482
[pos], 52999, 1177.28088378906, 284.071228027344, -2.78651547431946
[pos], 53016, 1166.09045410156, 281.240173339844, -2.89380264282227
[pos], 53033, 1154.63854980469, 279.669891357422, -3.00532221794128
[pos], 53049, 1133.59191894531, 280.196807861328, -3.21816730499268
[pos], 53066, 1122.39990234375, 282.181549072266, -3.31710433959961
[pos], 53083, 1111.0986328125, 285.466979980469, -3.42450904846191
[pos], 53099, 1100.20166015625, 289.990356445313, -3.53505086898804
[pos], 53116, 1090.17944335938, 295.512512207031, -3.6451952457428
[pos], 53133, 1080.74108886719, 302.106475830078, -3.75140261650085
[pos], 53149, 1072.10021972656, 309.625244140625, -3.85766386985779
[pos], 53166, 1072.10021972656, 309.625244140625, -3.85766386985779
[pos], 53183, 1063.16088867188, 319.228637695313, -3.96278834342957
[pos], 53199, 1054.87841796875, 330.588684082031, -4.08240747451782
[pos], 53216, 1049.044921875, 341.196228027344, -4.20958948135376
[pos], 53233, 1044.42419433594, 352.310455322266, -4.31837749481201
[pos], 53249, 1041.01867675781, 363.871185302734, -4.42591333389282
[pos], 53266, 1038.91674804688, 375.460327148438, -4.53296804428101
[pos], 53283, 1038.03283691406, 387.164611816406, -4.6370153427124
[pos], 53299, 1038.35766601563, 398.864105224609, -4.74014949798584
[pos], 53316, 1039.88500976563, 410.541442871094, -4.84244775772095
[pos], 53333, 1042.62365722656, 422.109802246094, -4.94484376907349
[pos], 53349, 1045.98425292969, 431.754791259766, -5.04766273498535
[pos], 53366, 1050.5341796875, 441.855529785156, -5.13561677932739
[pos], 53383, 1056.28576660156, 451.942565917969, -5.23060607910156
[pos], 53399, 1062.92431640625, 461.294708251953, -5.32969379425049
[pos], 53416, 1070.30603027344, 469.801513671875, -5.42709350585938
[pos], 53433, 1077.63720703125, 476.781707763672, -5.52230548858643
[pos], 53449, 1086.97912597656, 484.26904296875, -5.60754203796387
[pos], 53466, 1096.23352050781, 490.270202636719, -5.70789051055908
[pos], 53483, 1117.10766601563, 499.980285644531, -5.89648199081421
[pos], 53499, 1117.10766601563, 499.980285644531, -5.89648199081421
[pos], 53516, 1128.4716796875, 503.399108886719, -5.99095153808594
[pos], 53533, 1140.05517578125, 505.681701660156, -6.08862209320068
[pos], 53549, 1151.78051757813, 506.832702636719, -6.18533420562744
[pos], 53566, 1163.21008300781, 506.853118896484, -6.2813982963562
[pos], 53583, 1186.06689453125, 503.686431884766, -6.4682879447937
[pos], 53599, 1197.40991210938, 500.457794189453, -6.56048631668091
[pos], 53616, 1197.40991210938, 500.457794189453, -6.56048631668091
[pos], 53633, 1208.52685546875, 496.122985839844, -6.6549768447876
[pos], 53649, 1219.12780761719, 490.778503417969, -6.75014781951904
[pos], 53666, 1229.29309082031, 484.388000488281, -6.84441518783569
[pos], 53683, 1238.86791992188, 477.015899658203, -6.93932867050171
[pos], 53699, 1247.42993164063, 469.019805908203, -7.03441905975342
[pos], 53716, 1255.22998046875, 460.264709472656, -7.1262092590332
[pos], 53733, 1261.85974121094, 451.290802001953, -7.21769714355469
[pos], 53749, 1268.82385253906, 439.921203613281, -7.30441045761108
[pos], 53766, 1273.39904785156, 430.363220214844, -7.40753507614136
[pos], 53783, 1277.50256347656, 419.618438720703, -7.48916864395142
[pos], 53799, 1280.5576171875, 408.854064941406, -7.57744646072388
[pos], 53816, 1283.8388671875, 386.962280273438, -7.74666976928711
[pos], 53833, 1284.1025390625, 375.226928710938, -7.83151626586914
[pos], 53849, 1283.35021972656, 363.899291992188, -7.92029523849487
[pos], 53866, 1281.56982421875, 352.264923095703, -8.00583457946777
[pos], 53883, 1278.95202636719, 341.576843261719, -8.09417915344238
[pos], 53899, 1275.21081542969, 330.381286621094, -8.17648220062256
[pos], 53916, 1270.55224609375, 319.676422119141, -8.26444149017334
[pos], 53933, 1265.0771484375, 309.585388183594, -8.35110664367676
[pos], 53949, 1258.96411132813, 300.296203613281, -8.43602085113525
[pos], 53966, 1251.84790039063, 291.202423095703, -8.51798534393311
[pos], 53983, 1243.81677246094, 282.561096191406, -8.60279846191406
[pos], 53999, 1234.98852539063, 274.570220947266, -8.68912792205811
[pos], 54016, 1225.16101074219, 267.117279052734, -8.77593994140625
[pos], 54033, 1214.90612792969, 260.698394775391, -8.86550617218018
[pos], 54049, 1204.40075683594, 255.338745117188, -8.95301914215088
[pos], 54066, 1204.40075683594, 255.338745117188, -8.95301914215088
[pos], 54083, 1193.04724121094, 250.714691162109, -9.03801441192627
[pos], 54099, 1181.67639160156, 247.212844848633, -9.12602996826172
[pos], 54116, 1170.48132324219, 244.784042358398, -9.21113586425781
[pos], 54133, 1158.76806640625, 243.229080200195, -9.29279708862305
[pos], 54149, 1146.85803222656, 242.656463623047, -9.37673664093018
[pos], 54166, 1134.54895019531, 243.104263305664, -9.46114158630371
[pos], 54183, 1123.47766113281, 244.475524902344, -9.54800796508789
[pos], 54199, 1111.95874023438, 246.830291748047, -9.62642478942871
[pos], 54216, 1100.20959472656, 250.259994506836, -9.70879650115967
[pos], 54233, 1087.48852539063, 255.186187744141, -9.7942419052124
[pos], 54249, 1076.15539550781, 260.861938476563, -9.88907432556152
[pos], 54266, 1065.52185058594, 267.411437988281, -9.97682952880859
[pos], 54283, 1055.5908203125, 274.777709960938, -10.062970161438
[pos], 54299, 1045.97961425781, 283.261383056641, -10.1479454040527
[pos], 54316, 1038.95385742188, 290.655487060547, -10.2357158660889
[pos], 54333, 1031.2646484375, 299.967590332031, -10.3053455352783
[pos], 54349, 1024.30627441406, 309.965148925781, -10.3875341415405
[pos], 54366, 1017.66723632813, 321.416046142578, -10.4701519012451
[pos], 54383, 1012.41772460938, 332.683807373047, -10.5595874786377
[pos], 54399, 1008.25012207031, 344.019805908203, -10.6432704925537
[pos], 54416, 1005.16705322266, 355.104949951172, -10.7243070602417
[pos], 54433, 1002.84204101563, 366.919738769531, -10.8012685775757
[pos], 54449, 1001.66247558594, 377.220825195313, -10.8815593719482
[pos], 54466, 1001.09143066406, 389.884246826172, -10.950511932373
[pos], 54483, 1001.57763671875, 402.354370117188, -11.0345468521118
[pos], 54499, 1002.9921875, 413.947174072266, -11.1169929504395
[pos], 54516, 1005.44342041016, 426.143676757813, -11.1939096450806
[pos], 54533, 1008.67156982422, 437.369659423828, -11.2755784988403
[pos], 54549, 1012.92596435547, 448.795166015625, -11.3520278930664
[pos], 54566, 1017.93853759766, 459.553985595703, -11.4315748214722
[pos], 54583, 1017.93853759766, 459.553985595703, -11.4315748214722
[pos], 54599, 1023.89007568359, 470.1142578125, -11.5087814331055
[pos], 54616, 1030.76184082031, 480.337219238281, -11.5873908996582
[pos], 54633, 1038.85876464844, 490.527038574219, -11.6670207977295
[pos], 54649, 1046.19616699219, 498.320068359375, -11.7508716583252
[pos], 54666, 1055.49182128906, 506.923217773438, -11.8196411132813
[pos], 54683, 1063.88989257813, 513.5166015625, -11.9007749557495
[pos], 54699, 1074.31066894531, 520.605834960938, -11.9689893722534
[pos], 54716, 1084.45593261719, 526.375549316406, -12.0492753982544
[pos], 54733, 1093.85900878906, 530.836486816406, -12.123405456543
[pos], 54749, 1104.52563476563, 535.059997558594, -12.1893539428711
[pos], 54766, 1115.337890625, 538.4580078125, -12.261869430542
[pos], 54783, 1126.92297363281, 541.207824707031, -12.3333234786987
[pos], 54799, 1138.36328125, 543.03271484375, -12.4081878662109
[pos], 54816, 1149.82080078125, 544.015197753906, -12.4808320999146
[pos], 54833, 1162.02978515625, 544.181457519531, -12.552752494812
[pos], 54849, 1174.98315429688, 543.370361328125, -12.6289043426514
[pos], 54866, 1186.63732910156, 541.689697265625, -12.7095956802368
[pos], 54883, 1197.22448730469, 539.364196777344, -12.7825918197632
[pos], 54899, 1210.03283691406, 535.635864257813, -12.849630355835
[pos], 54916, 1222.07373046875, 531.027648925781, -12.931884765625
[pos], 54933, 1233.33483886719, 525.660583496094, -13.0111255645752
[pos], 54949, 1243.47814941406, 519.836791992188, -13.0875682830811
[pos], 54966, 1253.67895507813, 512.967163085938, -13.1590490341187
[pos], 54983, 1263.03601074219, 505.589996337891, -13.2340040206909
[pos], 54999, 1271.87292480469, 497.520111083984, -13.3064308166504
[pos], 55016, 1278.79626464844, 490.209320068359, -13.378981590271
[pos], 55033, 1286.58544921875, 480.910278320313, -13.4398937225342
[pos], 55049, 1293.94152832031, 470.6943359375, -13.5131006240845
[sad], 55049, detach, 1.0
[as], 55049, 0.5348584651947
[pos], 55066, 1300.48071289063, 459.987976074219, -13.5888624191284
[pos], 55083, 1306.03271484375, 450.897888183594, -13.5888624191284
[pos], 55099, 1312.41479492188, 440.448760986328, -13.5888624191284
[pos], 55116, 1318.48718261719, 430.506622314453, -13.5888624191284
[pos], 55133, 1324.359375, 420.892333984375, -13.5888624191284
[pos], 55149, 1329.50268554688, 412.471374511719, -13.5888624191284
[pos], 55166, 1335.41955566406, 402.783905029297, -13.5888624191284
[pos], 55183, 1341.29162597656, 393.169860839844, -13.5888624191284
[pos], 55199, 1346.75244140625, 384.229034423828, -13.5888624191284
[pos], 55216, 1352.96203613281, 374.062225341797, -13.5888624191284
[pos], 55233, 1358.29162597656, 365.336303710938, -13.5888624191284
[pos], 55249, 1364.1103515625, 355.809448242188, -13.5888624191284
[pos], 55266, 1369.80358886719, 346.488189697266, -13.5888624191284
[pos], 55283, 1375.13500976563, 337.759185791016, -13.5888624191284
[pos], 55299, 1380.87219238281, 328.365875244141, -13.5888624191284
[pos], 55316, 1387.02685546875, 318.289154052734, -13.5888624191284
[pos], 55333, 1394.56762695313, 308.132751464844, -13.4985074996948
[pos], 55349, 1402.08557128906, 299.562683105469, -13.4170770645142
[pos], 55366, 1410.35485839844, 291.567474365234, -13.3349170684814
[pos], 55383, 1418.96398925781, 284.478149414063, -13.255256652832
[pos], 55399, 1428.85266113281, 277.667541503906, -13.1694917678833
[pos], 55416, 1438.45458984375, 272.119842529297, -13.0902814865112
[pos], 55433, 1449.43896484375, 266.984771728516, -13.0036716461182
[pos], 55449, 1461.31994628906, 262.687469482422, -12.913426399231
[pos], 55466, 1471.74572753906, 259.804382324219, -12.8361616134644
[pos], 55483, 1482.75573730469, 257.690216064453, -12.7560815811157
[pos], 55499, 1494.72888183594, 256.443817138672, -12.6700963973999
[pos], 55516, 1505.7392578125, 256.167877197266, -12.5914268493652
[pos], 55533, 1517.3203125, 256.838043212891, -12.5085668563843
[pos], 55549, 1528.81909179688, 258.467376708984, -12.4256114959717
[pos], 55566, 1540.39038085938, 261.12255859375, -12.3408117294312
[pos], 55583, 1551.61730957031, 264.715881347656, -12.2566118240356
[pos], 55599, 1562.27819824219, 269.125091552734, -12.1742067337036
[pos], 55616, 1573.12976074219, 274.768035888672, -12.086841583252
[pos], 55633, 1583.17724609375, 281.130065917969, -12.0018968582153
[pos], 55649, 1593.74694824219, 287.822784423828, -12.0018968582153
[pos], 55666, 1602.58325195313, 293.417877197266, -12.0018968582153
[pos], 55683, 1612.94946289063, 299.981750488281, -12.0018968582153
[pos], 55699, 1622.69055175781, 306.149810791016, -12.0018968582153
[pos], 55716, 1632.18566894531, 312.162078857422, -12.0018968582153
[pos], 55733, 1643.28051757813, 319.187316894531, -12.0018968582153
[pos], 55749, 1652.07006835938, 324.752838134766, -12.0018968582153
[pos], 55766, 1661.64611816406, 330.81640625, -12.0018968582153
[pos], 55783, 1671.49133300781, 337.050384521484, -12.0018968582153
[pos], 55799, 1682.69323730469, 344.143402099609, -12.0018968582153
[pos], 55816, 1692.63012695313, 350.435424804688, -12.0018968582153
[pos], 55833, 1701.2197265625, 355.874359130859, -12.0018968582153
[pos], 55849, 1711.263671875, 362.234161376953, -12.0018968582153
[pos], 55866, 1720.68896484375, 368.202239990234, -12.0018968582153
[pos], 55883, 1730.97180175781, 374.713317871094, -12.0018968582153
[pos], 55899, 1740.66442871094, 380.850677490234, -12.0018968582153
[pos], 55916, 1750.84606933594, 387.297729492188, -12.0018968582153
[pos], 55933, 1760.41442871094, 393.3564453125, -12.0018968582153
[pos], 55949, 1770.09460449219, 399.485931396484, -12.0018968582153
[pos], 55966, 1779.80737304688, 405.636016845703, -12.0018968582153
[pos], 55983, 1791.08557128906, 412.77734375, -12.0018968582153
[pos], 55999, 1801.1064453125, 419.122528076172, -12.0018968582153
[pos], 56016, 1810.6328125, 425.154663085938, -12.0018968582153
[pos], 56033, 1820.88000488281, 430.513885498047, -12.0844964981079
[pos], 56049, 1830.90942382813, 434.801208496094, -12.1624069213867
[pos], 56066, 1841.35180664063, 438.322631835938, -12.2411222457886
[pos], 56083, 1853.28918457031, 441.212524414063, -12.3288526535034
[pos], 56099, 1867.16967773438, 443.132202148438, -12.4289426803589
[pos], 56116, 1880.19018554688, 443.709808349609, -12.5220375061035
[pos], 56133, 1892.55554199219, 443.164428710938, -12.610447883606
[pos], 56149, 1905.44873046875, 441.378021240234, -12.7040481567383
[pos], 56166, 1916.56176757813, 439.838256835938, -12.7040481567383
[pos], 56183, 1927.72058105469, 438.292175292969, -12.7040481567383
[pos], 56199, 1939.67858886719, 436.635345458984, -12.7040481567383
[pos], 56216, 1951.50512695313, 434.996734619141, -12.7040481567383
[pos], 56233, 1962.85888671875, 433.423614501953, -12.7040481567383
[sad], 56233, attach, 0.645
[pos], 56249, 1974.41271972656, 431.822784423828, -12.7040481567383
[pos], 56266, 1976.81555175781, 420.892486572266, -13.9207725524902
[pos], 56283, 1981.57409667969, 408.396575927734, -13.7733154296875
[pos], 56299, 1987.16979980469, 399.010986328125, -13.5995426177979
[pos], 56316, 1994.67626953125, 389.690093994141, -13.4591779708862
[pos], 56333, 1994.67626953125, 389.690093994141, -13.4591779708862
[pos], 56349, 2003.93273925781, 381.225219726563, -13.3071327209473
[pos], 56366, 2014.20263671875, 374.447723388672, -13.1497011184692
[pos], 56383, 2024.8701171875, 369.546020507813, -12.9970979690552
[pos], 56399, 2036.01989746094, 366.258850097656, -12.8530693054199
[pos], 56416, 2047.70751953125, 364.5458984375, -12.711895942688
[pos], 56433, 2059.40942382813, 364.5048828125, -12.5698757171631
[pos], 56449, 2070.8564453125, 366.069091796875, -12.4305639266968
[pos], 56466, 2082.05908203125, 369.1943359375, -12.2943153381348
[pos], 56483, 2093.15356445313, 373.989227294922, -12.1584253311157
[pos], 56499, 2104.50439453125, 380.914276123047, -12.0185613632202
[pos], 56516, 2114.3154296875, 389.177886962891, -11.8663806915283
[pos], 56533, 2122.94311523438, 398.904663085938, -11.7211627960205
[pos], 56549, 2130.27392578125, 410.094940185547, -11.5755271911621
[pos], 56566, 2135.68774414063, 421.845886230469, -11.4273052215576
[pos], 56583, 2138.83911132813, 432.41162109375, -11.2854375839233
[pos], 56599, 2141.01879882813, 445.113647460938, -11.1655235290527
[pos], 56616, 2141.41845703125, 457.989562988281, -11.0265941619873
[pos], 56633, 2140.11791992188, 470.152038574219, -10.889045715332
[pos], 56649, 2140.11791992188, 470.152038574219, -10.889045715332
[pos], 56666, 2137.14697265625, 482.506256103516, -10.7595806121826
[pos], 56683, 2132.93603515625, 493.385223388672, -10.6262626647949
[pos], 56699, 2126.94970703125, 504.588317871094, -10.5048294067383
[pos], 56716, 2120.10815429688, 514.133544921875, -10.373685836792
[pos], 56733, 2111.90625, 523.076416015625, -10.2533674240112
[pos], 56749, 2101.6953125, 531.76806640625, -10.1299772262573
[pos], 56766, 2091.45703125, 538.330810546875, -9.99480056762695
[pos], 56783, 2080.28002929688, 543.7080078125, -9.87318134307861
[pos], 56799, 2068.54833984375, 547.664794921875, -9.75007247924805
[pos], 56816, 2055.93359375, 550.265625, -9.62810325622559
[pos], 56833, 2043.6337890625, 551.219848632813, -9.50220108032227
[pos], 56849, 2031.5234375, 550.707580566406, -9.38250350952148
[pos], 56866, 2021.0986328125, 549.035217285156, -9.26571083068848
[pos], 56883, 2008.77404785156, 545.753723144531, -9.16455745697021
[pos], 56899, 1997.17980957031, 541.101257324219, -9.04317474365234
[pos], 56916, 1986.33215332031, 535.179992675781, -8.92511940002441
[pos], 56933, 1976.36499023438, 528.129577636719, -8.80912780761719
[pos], 56949, 1968.06945800781, 520.713439941406, -8.69529342651367
[pos], 56966, 1959.72766113281, 511.543731689453, -8.59213447570801
[pos], 56983, 1953.12170410156, 502.367034912109, -8.47791290283203
[pos], 56999, 1946.81481933594, 491.360565185547, -8.3743257522583
[pos], 57016, 1941.95825195313, 480.027496337891, -8.2588357925415
[pos], 57033, 1941.95825195313, 480.027496337891, -8.2588357925415
[pos], 57049, 1938.34069824219, 468.050079345703, -8.14729690551758
[pos], 57066, 1936.20764160156, 456.384063720703, -8.03482341766357
[pos], 57083, 1935.30786132813, 444.386169433594, -7.92883825302124
[pos], 57099, 1935.81262207031, 428.647766113281, -7.82192468643188
[pos], 57116, 1937.93579101563, 416.339447021484, -7.6831636428833
[pos], 57133, 1941.10510253906, 405.321624755859, -7.57388830184937
[pos], 57149, 1946.20642089844, 392.544555664063, -7.47411727905273
[pos], 57166, 1952.44653320313, 381.090240478516, -7.35515260696411
[pos], 57183, 1959.01770019531, 371.705993652344, -7.24309873580933
[pos], 57199, 1967.6123046875, 361.682006835938, -7.14520359039307
[pos], 57216, 1967.6123046875, 361.682006835938, -7.14520359039307
[pos], 57233, 1977.04919433594, 352.893524169922, -7.03302526473999
[pos], 57249, 1987.41101074219, 345.163421630859, -6.92413091659546
[pos], 57266, 1998.44299316406, 338.663604736328, -6.81560897827148
[pos], 57283, 2009.9599609375, 333.443481445313, -6.70874071121216
[pos], 57299, 2021.82824707031, 329.502471923828, -6.60379266738892
[pos], 57316, 2034.22326660156, 326.764862060547, -6.50055885314941
[pos], 57333, 2046.80395507813, 325.335235595703, -6.39633655548096
[pos], 57349, 2059.97241210938, 325.206848144531, -6.29293537139893
[pos], 57366, 2073.13012695313, 326.48974609375, -6.1859917640686
[pos], 57383, 2085.48681640625, 329.045288085938, -6.07924556732178
[pos], 57399, 2096.64038085938, 332.560150146484, -5.97790145874023
[pos], 57416, 2096.64038085938, 332.560150146484, -5.97790145874023
[pos], 57433, 2109.1767578125, 337.842346191406, -5.88441181182861
[pos], 57449, 2121.23168945313, 344.537200927734, -5.77623891830444
[pos], 57466, 2131.76538085938, 351.992950439453, -5.66723918914795
[pos], 57483, 2141.13134765625, 360.164794921875, -5.56577730178833
[pos], 57499, 2149.45654296875, 368.992004394531, -5.46852970123291
[pos], 57516, 2156.92333984375, 378.580291748047, -5.37402963638306
[pos], 57533, 2163.68798828125, 389.194580078125, -5.27980327606201
[pos], 57549, 2169.25903320313, 400.154693603516, -5.18266296386719
[pos], 57566, 2173.76806640625, 411.582305908203, -5.08820629119873
[pos], 57583, 2177.28125, 423.714721679688, -4.99424266815186
[pos], 57599, 2179.2685546875, 434.294281005859, -4.89807367324829
[pos], 57616, 2180.52978515625, 446.373626708984, -4.81642198562622
[pos], 57633, 2180.67700195313, 458.379821777344, -4.72466039657593
[pos], 57649, 2179.69116210938, 470.979827880859, -4.63431406021118
[pos], 57666, 2177.51342773438, 483.459838867188, -4.53963041305542
[pos], 57683, 2174.56201171875, 494.239990234375, -4.44514560699463
[pos], 57699, 2170.13134765625, 506.366760253906, -4.36210155487061
[pos], 57716, 2170.13134765625, 506.366760253906, -4.36210155487061
[pos], 57733, 2164.86547851563, 517.385314941406, -4.26657581329346
[pos], 57749, 2158.2431640625, 528.539245605469, -4.17660045623779
[pos], 57766, 2151.76635742188, 537.404907226563, -4.08144617080688
[pos], 57783, 2144.13134765625, 546.266418457031, -4.0012001991272
[pos], 57799, 2134.8037109375, 555.391357421875, -3.91600823402405
[pos], 57816, 2125.09155273438, 563.241577148438, -3.82137012481689
[pos], 57833, 2115.44506835938, 569.694702148438, -3.73117876052856
[pos], 57849, 2104.865234375, 575.558227539063, -3.64766645431519
[pos], 57866, 2094.06225585938, 580.374206542969, -3.56094694137573
[pos], 57883, 2082.7451171875, 584.312194824219, -3.47645783424377
[pos], 57899, 2070.95751953125, 587.316833496094, -3.39117193222046
[pos], 57916, 2058.59497070313, 589.35400390625, -3.30491137504578
[pos], 57933, 2046.1376953125, 590.287719726563, -3.21640634536743
[pos], 57949, 2034.09936523438, 590.130187988281, -3.12850522994995
[pos], 57966, 2022.17504882813, 588.963989257813, -3.044100522995
[pos], 57983, 2010.19995117188, 586.770141601563, -2.96039962768555
[pos], 57999, 1998.2529296875, 583.515869140625, -2.87565159797668
[pos], 58016, 1986.65600585938, 579.258728027344, -2.78977131843567
[pos], 58033, 1975.86828613281, 574.217041015625, -2.70440316200256
[pos], 58049, 1966.58361816406, 568.910949707031, -2.62240052223206
[pos], 58066, 1956.43640136719, 562.078247070313, -2.5489718914032
[pos], 58083, 1946.70727539063, 554.269287109375, -2.46524500846863
[pos], 58099, 1937.64599609375, 545.632385253906, -2.38016605377197
[pos], 58116, 1929.84387207031, 536.813659667969, -2.29510498046875
[pos], 58133, 1922.20080566406, 526.645446777344, -2.21536135673523
[pos], 58149, 1922.20080566406, 526.645446777344, -2.21536135673523
[pos], 58166, 1915.57275390625, 516.043395996094, -2.1295154094696
[pos], 58183, 1909.16809082031, 503.578552246094, -2.04543662071228
[pos], 58199, 1905.14245605469, 493.522613525391, -1.95158708095551
[pos], 58216, 1901.22875976563, 481.240600585938, -1.87928092479706
[pos], 58233, 1898.52014160156, 469.280883789063, -1.79351806640625
[pos], 58249, 1896.74951171875, 456.843383789063, -1.71221232414246
[pos], 58266, 1896.02893066406, 444.519927978516, -1.6291983127594
[pos], 58283, 1896.32800292969, 431.459259033203, -1.54790079593658
[pos], 58299, 1897.69311523438, 418.941864013672, -1.4621696472168
[pos], 58316, 1900.10913085938, 406.444458007813, -1.37982678413391
[pos], 58333, 1903.009765625, 396.121643066406, -1.29687190055847
[pos], 58349, 1907.50317382813, 383.563507080078, -1.22718453407288
[pos], 58366, 1912.52734375, 372.608795166016, -1.14078640937805
[pos], 58383, 1918.06823730469, 362.652130126953, -1.06297266483307
[pos], 58399, 1924.89477539063, 352.259582519531, -0.98960894346237
[pos], 58416, 1931.73364257813, 343.466064453125, -0.90979415178299
[pos], 58433, 1940.19580078125, 334.054168701172, -0.83848416805267
[pos], 58449, 1940.19580078125, 334.054168701172, -0.83848416805267
[pos], 58466, 1949.25500488281, 325.483215332031, -0.75770902633667
[pos], 58483, 1958.90942382813, 317.702026367188, -0.67837131023407
[pos], 58499, 1969.82592773438, 310.237884521484, -0.59973299503326
[pos], 58516, 1980.40454101563, 304.234954833984, -0.51614707708359
[pos], 58533, 1991.3623046875, 299.082824707031, -0.43950843811035
[pos], 58549, 2002.78527832031, 294.738311767578, -0.363435536623
[pos], 58566, 2014.93884277344, 291.152801513672, -0.28687852621078
[pos], 58583, 2027.13293457031, 288.582458496094, -0.2077447026968
[pos], 58599, 2039.51599121094, 286.961578369141, -0.1301557123661
[pos], 58616, 2052.72705078125, 286.265594482422, -0.05263452231884
[pos], 58633, 2065.5205078125, 286.639495849609, 0.02921887487173
[pos], 58649, 2077.93139648438, 287.987060546875, 0.10815615952015
[pos], 58666, 2090.12939453125, 290.268768310547, 0.18491905927658
[pos], 58683, 2090.12939453125, 290.268768310547, 0.18491905927658
[pos], 58699, 2102.9423828125, 293.691070556641, 0.26100319623947
[pos], 58716, 2116.26245117188, 298.433776855469, 0.34205830097198
[pos], 58733, 2128.06127929688, 303.818786621094, 0.42816567420959
[pos], 58749, 2139.71948242188, 310.292388916016, 0.50688970088959
[pos], 58766, 2151.52368164063, 318.154449462891, 0.58757209777832
[pos], 58783, 2162.01000976563, 326.515045166016, 0.67308217287064
[pos], 58799, 2171.14306640625, 335.086181640625, 0.75366735458374
[pos], 58816, 2171.14306640625, 335.086181640625, 0.75366735458374
[pos], 58833, 2180.6533203125, 345.458129882813, 0.82870489358902
[pos], 58849, 2189.11328125, 356.402252197266, 0.912732899189
[pos], 58866, 2196.04931640625, 367.087799072266, 0.99504846334457
[pos], 58883, 2202.36499023438, 378.643707275391, 1.0706273317337
[pos], 58899, 2207.46459960938, 389.993896484375, 1.14852404594421
[pos], 58916, 2211.94848632813, 402.3203125, 1.22192025184631
[pos], 58933, 2215.49194335938, 415.037902832031, 1.29906570911407
[sad], 58933, detach, 1.0
[as], 58933, 0.33020007610321
[pos], 58949, 2217.71728515625, 426.345794677734, 1.37648129463196
[pos], 58966, 2220.02783203125, 438.086639404297, 1.37648129463196
[pos], 58983, 2220.02783203125, 438.086639404297, 1.37648129463196
[pos], 58999, 2222.48120117188, 450.553466796875, 1.37648129463196
[pos], 59016, 2225.0322265625, 463.515930175781, 1.37648129463196
[pos], 59033, 2227.25512695313, 474.811279296875, 1.37648129463196
[pos], 59049, 2229.50561523438, 486.246246337891, 1.37648129463196
[pos], 59066, 2231.79833984375, 497.896240234375, 1.37648129463196
[pos], 59083, 2234.15625, 509.877563476563, 1.37648129463196
[pos], 59099, 2236.30688476563, 520.806274414063, 1.37648129463196
[pos], 59116, 2238.11572265625, 529.997619628906, 1.37648129463196
[pos], 59133, 2240.42333984375, 541.723815917969, 1.37648129463196
[pos], 59149, 2242.62524414063, 552.912658691406, 1.37648129463196
[pos], 59166, 2244.82421875, 564.086486816406, 1.37648129463196
[pos], 59183, 2246.99951171875, 575.140258789063, 1.37648129463196
[pos], 59199, 2249.5390625, 588.045043945313, 1.37648129463196
[pos], 59216, 2251.95947265625, 600.344055175781, 1.37648129463196
[pos], 59233, 2254.2587890625, 612.027648925781, 1.37648129463196
[pos], 59249, 2256.61254882813, 623.987365722656, 1.37648129463196
[pos], 59266, 2258.95239257813, 635.877014160156, 1.37648129463196
[pos], 59283, 2262.1787109375, 647.172668457031, 1.29257130622864
[pos], 59299, 2266.4521484375, 658.390563964844, 1.20682632923126
[pos], 59316, 2271.57373046875, 669.037414550781, 1.12243628501892
[pos], 59333, 2278.08203125, 679.921081542969, 1.03185629844666
[pos], 59349, 2285.62939453125, 690.263854980469, 0.94040131568909
[pos], 59366, 2293.65161132813, 699.455871582031, 0.85325634479523
[pos], 59383, 2302.63720703125, 708.070739746094, 0.76434135437012
[pos], 59399, 2312.05688476563, 717.101745605469, 0.76434135437012
[pos], 59416, 2319.14819335938, 723.900451660156, 0.76434135437012
[pos], 59433, 2328.82641601563, 733.179504394531, 0.76434135437012
[pos], 59449, 2328.82641601563, 733.179504394531, 0.76434135437012
[pos], 59466, 2338.04833984375, 742.021057128906, 0.76434135437012
[pos], 59483, 2348.2939453125, 750.153381347656, 0.67090636491776
[pos], 59499, 2358.65380859375, 756.974975585938, 0.58230638504028
[pos], 59516, 2369.37133789063, 762.764709472656, 0.49529638886452
[pos], 59533, 2380.00634765625, 767.417175292969, 0.41238138079643
[pos], 59549, 2391.48999023438, 771.296813964844, 0.32580137252808
[pos], 59566, 2403.60864257813, 774.220764160156, 0.23675636947155
[pos], 59583, 2414.95849609375, 775.990783691406, 0.15470635890961
[pos], 59599, 2428.033203125, 776.791198730469, 0.06114135682583
[pos], 59616, 2440.4296875, 776.450988769531, -0.02743864059448
[pos], 59633, 2451.90087890625, 775.185485839844, -0.10987363755703
[pos], 59649, 2463.19580078125, 772.989074707031, -0.19206362962723
[pos], 59666, 2474.8154296875, 769.668151855469, -0.27838361263275
[pos], 59683, 2486.22802734375, 765.29833984375, -0.36567360162735
[pos], 59699, 2497.27294921875, 759.916198730469, -0.45343360304832
[pos], 59716, 2506.32690429688, 754.6318359375, -0.52831357717514
[pos], 59733, 2516.2451171875, 747.624938964844, -0.6150535941124
[pos], 59749, 2525.81787109375, 739.482788085938, -0.70481860637665
[pos], 59766, 2534.50439453125, 730.658569335938, -0.7932636141777
[pos], 59783, 2542.02685546875, 721.608276367188, -0.87732362747192
[pos], 59799, 2548.89672851563, 711.7265625, -0.96328860521317
[pos], 59816, 2555.08349609375, 700.878723144531, -1.05248856544495
[pos], 59833, 2560.19311523438, 689.765197753906, -1.13985860347748
[pos], 59849, 2564.50268554688, 677.509582519531, -1.23265361785889
[pos], 59866, 2564.50268554688, 677.509582519531, -1.23265361785889
[pos], 59883, 2567.89892578125, 663.207275390625, -1.33765363693237
[pos], 59899, 2569.70703125, 650.531188964844, -1.4291136264801
[pos], 59916, 2571.5185546875, 637.831237792969, -1.4291136264801
[pos], 59933, 2572.98608398438, 627.543579101563, -1.4291136264801
[pos], 59949, 2574.59765625, 616.245727539063, -1.4291136264801
[pos], 59966, 2576.22241210938, 604.854736328125, -1.4291136264801
[pos], 59983, 2577.853515625, 593.419006347656, -1.4291136264801
[pos], 59999, 2579.33911132813, 583.003295898438, -1.4291136264801
[pos], 60016, 2581.0283203125, 571.161193847656, -1.4291136264801
[pos], 60033, 2582.69775390625, 559.457458496094, -1.4291136264801
[pos], 60049, 2584.37451171875, 547.7021484375, -1.4291136264801
[pos], 60066, 2586.021484375, 536.155151367188, -1.4291136264801
[pos], 60083, 2587.580078125, 525.228698730469, -1.4291136264801
[pos], 60099, 2590.52612304688, 513.087707519531, -1.33275365829468
[pos], 60116, 2594.2109375, 502.227630615234, -1.24368870258331
[pos], 60133, 2597.9931640625, 493.344360351563, -1.16826367378235
[pos], 60149, 2603.5263671875, 483.077392578125, -1.0764936208725
[pos], 60166, 2609.55151367188, 473.905853271484, -0.98955363035202
[pos], 60183, 2615.51806640625, 466.200897216797, -0.91186863183975
[pos], 60199, 2622.31005859375, 458.758880615234, -0.83102864027023
[pos], 60216, 2629.40991210938, 452.111541748047, -0.75249862670898
[pos], 60233, 2637.7060546875, 445.583770751953, -0.66666865348816
[pos], 60249, 2645.95874023438, 440.1103515625, -0.5856186747551
[pos], 60266, 2654.84033203125, 435.233795166016, -0.50211870670319
[pos], 60283, 2663.51635742188, 431.326049804688, -0.42318871617317
[pos], 60299, 2673.083984375, 427.958251953125, -0.33845871686935
[pos], 60316, 2682.48657226563, 425.490203857422, -0.25669372081757
[pos], 60333, 2692.45336914063, 423.769012451172, -0.171003729105
[pos], 60349, 2702.68896484375, 422.9140625, -0.08333373069763
[pos], 60366, 2712.85034179688, 422.955230712891, 0.00405126810074
[pos], 60383, 2722.88818359375, 423.875183105469, 0.0913912653923
[pos], 60399, 2732.50561523438, 425.592224121094, 0.17667126655579
[pos], 60416, 2742.02905273438, 428.160705566406, 0.26343125104904
[pos], 60433, 2750.48071289063, 431.178161621094, 0.34292125701904
[pos], 60449, 2759.62451171875, 435.403472900391, 0.43286126852036
[pos], 60466, 2759.62451171875, 435.403472900391, 0.43286126852036
[sad], 60466, attach, 0.54
[pos], 60483, 2769.43676757813, 439.937591552734, 0.43286126852036
[pos], 60499, 2777.7783203125, 434.547637939453, -0.57366508245468
[pos], 60516, 2787.69165039063, 429.655548095703, -0.45842307806015
[pos], 60533, 2797.40234375, 426.317199707031, -0.33112263679504
[pos], 60549, 2807.841796875, 424.051300048828, -0.21373705565929
[pos], 60566, 2818.52783203125, 423.06005859375, -0.09249627590179
[pos], 60583, 2829.84619140625, 423.381744384766, 0.02841410040855
[pos], 60599, 2840.88159179688, 425.105987548828, 0.15499217808247
[pos], 60616, 2840.88159179688, 425.105987548828, 0.15499217808247
[pos], 60633, 2850.7919921875, 427.943756103516, 0.27888187766075
[pos], 60649, 2861.69067382813, 432.454895019531, 0.39244270324707
[pos], 60666, 2871.24975585938, 437.945556640625, 0.52138286828995
[pos], 60683, 2879.58154296875, 444.161590576172, 0.64098072052002
[pos], 60699, 2887.25927734375, 451.357452392578, 0.75301814079285
[pos], 60716, 2894.58374023438, 459.964324951172, 0.86571455001831
[pos], 60733, 2900.82153320313, 469.384429931641, 0.98591423034668
[pos], 60749, 2906.1669921875, 480.024047851563, 1.1052188873291
[pos], 60766, 2909.92431640625, 490.619049072266, 1.23000240325928
[pos], 60783, 2912.50170898438, 501.941040039063, 1.34697031974792
[pos], 60799, 2913.64111328125, 512.872985839844, 1.46693527698517
[pos], 60816, 2913.64111328125, 512.872985839844, 1.46693527698517
[pos], 60833, 2913.53442382813, 524.795959472656, 1.57973682880402
[pos], 60849, 2911.80834960938, 537.951904296875, 1.70124554634094
[pos], 60866, 2908.62915039063, 549.688842773438, 1.83532166481018
[pos], 60883, 2903.85278320313, 561.427856445313, 1.95721852779388
[pos], 60899, 2897.9560546875, 571.90869140625, 2.08327794075012
[pos], 60916, 2890.65112304688, 581.902099609375, 2.20201683044434
[pos], 60933, 2881.98681640625, 591.155151367188, 2.32335305213928
[pos], 60949, 2873.10668945313, 598.557983398438, 2.44667387008667
[pos], 60966, 2873.10668945313, 598.557983398438, 2.44667387008667
[pos], 60983, 2860.3818359375, 606.953247070313, 2.55839323997498
[pos], 60999, 2847.54248046875, 612.954467773438, 2.70435738563538
[pos], 61016, 2833.78271484375, 617.253662109375, 2.8387598991394
[pos], 61033, 2819.88989257813, 619.600891113281, 2.97422218322754
[pos], 61049, 2819.88989257813, 619.600891113281, 2.97422218322754
[pos], 61066, 2807.25463867188, 620.057678222656, 3.1054573059082
[pos], 61083, 2794.77392578125, 619.047607421875, 3.22234892845154
[pos], 61099, 2779.1591796875, 615.951416015625, 3.33733987808228
[pos], 61116, 2767.455078125, 611.803466796875, 3.48218560218811
[pos], 61133, 2754.87109375, 605.682556152344, 3.59430527687073
[pos], 61149, 2743.08178710938, 597.989929199219, 3.719731092453
[pos], 61166, 2733.72802734375, 590.05810546875, 3.84491610527039
[pos], 61183, 2733.72802734375, 590.05810546875, 3.84491610527039
[pos], 61199, 2724.763671875, 580.609802246094, 3.95326709747314
[pos], 61216, 2716.53369140625, 569.665588378906, 4.06760835647583
[pos], 61233, 2709.99609375, 558.388916015625, 4.18699216842651
[pos], 61249, 2704.78662109375, 546.484802246094, 4.29988193511963
[pos], 61266, 2700.64135742188, 533.1162109375, 4.41171216964722
[pos], 61283, 2698.52563476563, 521.557373046875, 4.53134489059448
[pos], 61299, 2697.39282226563, 507.632781982422, 4.6312108039856
[pos], 61316, 2697.39282226563, 507.632781982422, 4.6312108039856
[pos], 61333, 2697.87548828125, 494.524353027344, 4.74919319152832
[pos], 61349, 2700.12670898438, 479.307464599609, 4.85926628112793
[pos], 61366, 2704.064453125, 465.351104736328, 4.98738145828247
[pos], 61383, 2709.31982421875, 452.740478515625, 5.10724925994873
[pos], 61399, 2716.00268554688, 440.709991455078, 5.2194356918335
[pos], 61416, 2723.09594726563, 430.760406494141, 5.33173322677612
[pos], 61433, 2723.09594726563, 430.760406494141, 5.33173322677612
[pos], 61449, 2732.9697265625, 419.468963623047, 5.43090534210205
[pos], 61466, 2743.57666015625, 409.951049804688, 5.55185079574585
[pos], 61483, 2754.81323242188, 401.976501464844, 5.66598415374756
[pos], 61499, 2767.4345703125, 394.95751953125, 5.7756519317627
[pos], 61516, 2778.99560546875, 390.160430908203, 5.88986778259277
[pos], 61533, 2778.99560546875, 390.160430908203, 5.88986778259277
[pos], 61549, 2794.23803710938, 385.531097412109, 5.9883246421814
[pos], 61566, 2809.02392578125, 382.986846923828, 6.11278057098389
[pos], 61583, 2823.74658203125, 382.190765380859, 6.22916507720947
[pos], 61599, 2835.6435546875, 382.900726318359, 6.34279108047485
[pos], 61616, 2835.6435546875, 382.900726318359, 6.34279108047485
[pos], 61633, 2849.046875, 384.940155029297, 6.43418550491333
[pos], 61649, 2863.92944335938, 388.810913085938, 6.53763675689697
[pos], 61666, 2876.80981445313, 393.822265625, 6.65423583984375
[pos], 61683, 2888.85888671875, 400.022247314453, 6.75841474533081
[pos], 61699, 2900.34838867188, 407.497924804688, 6.86002063751221
[pos], 61716, 2909.84204101563, 415.160675048828, 6.96226787567139
[pos], 61733, 2909.84204101563, 415.160675048828, 6.96226787567139
[pos], 61749, 2918.81005859375, 423.851135253906, 7.05286598205566
[pos], 61766, 2926.67114257813, 433.019622802734, 7.14520978927612
[pos], 61783, 2934.01440429688, 443.309356689453, 7.23415374755859
[pos], 61799, 2940.6669921875, 454.738677978516, 7.32686281204224
[pos], 61816, 2945.95654296875, 466.254791259766, 7.42340898513794
[pos], 61833, 2950.248046875, 478.446350097656, 7.51552248001099
[pos], 61849, 2953.5048828125, 491.477111816406, 7.60906171798706
[pos], 61866, 2955.43676757813, 504.420928955078, 7.70582342147827
[pos], 61883, 2956.126953125, 517.119079589844, 7.79968023300171
[pos], 61899, 2955.70385742188, 528.700561523438, 7.8904972076416
[pos], 61916, 2954.14135742188, 541.77099609375, 7.97295951843262
[pos], 61933, 2954.14135742188, 541.77099609375, 7.97295951843262
[pos], 61949, 2951.06762695313, 556.032958984375, 8.06624603271484
[pos], 61966, 2947.05224609375, 568.349853515625, 8.16912364959717
[pos], 61983, 2941.88330078125, 580.371459960938, 8.26006317138672
[pos], 61999, 2935.748046875, 591.667663574219, 8.35153770446777
[pos], 62016, 2928.654296875, 602.330078125, 8.44103336334229
[pos], 62033, 2920.95947265625, 611.926513671875, 8.52984046936035
[pos], 62049, 2912.349609375, 620.970031738281, 8.61481952667236
[pos], 62066, 2903.8955078125, 628.444946289063, 8.70076942443848
[pos], 62083, 2893.36108398438, 636.396545410156, 8.77819633483887
[pos], 62099, 2893.36108398438, 636.396545410156, 8.77819633483887
[pos], 62116, 2882.11743164063, 643.388854980469, 8.86841773986816
[pos], 62133, 2870.63012695313, 649.16943359375, 8.95855808258057
[pos], 62149, 2857.513671875, 654.393249511719, 9.04576587677002
[pos], 62166, 2845.49462890625, 657.897338867188, 9.14109802246094
[pos], 62183, 2833.11767578125, 660.399475097656, 9.22530651092529
[pos], 62199, 2820.29956054688, 661.878051757813, 9.3099365234375
[pos], 62216, 2808.775390625, 662.208679199219, 9.39609909057617
[pos], 62233, 2795.35571289063, 661.563232421875, 9.47283840179443
[pos], 62249, 2782.869140625, 659.839721679688, 9.5619421005249
[pos], 62266, 2770.759765625, 657.126037597656, 9.64523506164551
[pos], 62283, 2759.9716796875, 653.763061523438, 9.72696208953857
[pos], 62299, 2748.10986328125, 649.074951171875, 9.80116081237793
[pos], 62316, 2737.5791015625, 643.859313964844, 9.88464069366455
[pos], 62333, 2737.5791015625, 643.859313964844, 9.88464069366455
[pos], 62349, 2726.7236328125, 637.403259277344, 9.96131420135498
[pos], 62366, 2716.1728515625, 629.891967773438, 10.0434551239014
[pos], 62383, 2706.17358398438, 621.424865722656, 10.1273927688599
[pos], 62399, 2696.6865234375, 611.902954101563, 10.212007522583
[pos], 62416, 2687.95483398438, 601.474853515625, 10.298490524292
[pos], 62433, 2680.37084960938, 590.62158203125, 10.3856706619263
[pos], 62449, 2673.8310546875, 579.339721679688, 10.4702291488647
[pos], 62466, 2668.30859375, 567.680480957031, 10.5532197952271
[pos], 62483, 2664.18920898438, 556.753784179688, 10.635046005249
[pos], 62499, 2664.18920898438, 556.753784179688, 10.635046005249
[pos], 62516, 2660.38330078125, 543.843505859375, 10.7088947296143
[pos], 62533, 2657.5908203125, 530.1962890625, 10.7937326431274
[pos], 62549, 2656.08081054688, 517.051330566406, 10.8812065124512
[pos], 62566, 2655.6611328125, 503.762847900391, 10.9639978408813
[pos], 62583, 2656.32104492188, 490.918701171875, 11.0469026565552
[pos], 62599, 2658.06005859375, 477.747009277344, 11.1268377304077
[pos], 62616, 2660.77416992188, 465.232147216797, 11.2091407775879
[pos], 62633, 2664.17749023438, 453.935913085938, 11.2882137298584
[pos], 62649, 2664.17749023438, 453.935913085938, 11.2882137298584
[pos], 62666, 2668.91430664063, 441.550689697266, 11.360857963562
[pos], 62683, 2674.9482421875, 428.952697753906, 11.4422550201416
[pos], 62699, 2681.55883789063, 417.72509765625, 11.5276966094971
[pos], 62716, 2688.95141601563, 407.182952880859, 11.6071290969849
[pos], 62733, 2697.08837890625, 397.320098876953, 11.6853837966919
[pos], 62749, 2706.060546875, 388.016845703125, 11.7628583908081
[pos], 62766, 2715.97509765625, 379.225341796875, 11.8409357070923
[pos], 62783, 2726.82055664063, 371.054992675781, 11.9207334518433
[pos], 62799, 2736.61767578125, 364.856170654297, 12.0022354125977
[pos], 62816, 2736.61767578125, 364.856170654297, 12.0022354125977
[pos], 62833, 2749.08251953125, 358.131530761719, 12.0716333389282
[pos], 62849, 2759.65625, 353.533020019531, 12.1561441421509
[pos], 62866, 2771.96215820313, 349.157592773438, 12.2247552871704
[pos], 62883, 2784.19946289063, 345.848205566406, 12.3022556304932
[pos], 62899, 2796.59130859375, 343.476470947266, 12.3772630691528
[pos], 62916, 2809.18994140625, 342.025512695313, 12.4517068862915
[pos], 62933, 2821.50561523438, 341.532073974609, 12.5263271331787
[pos], 62949, 2833.611328125, 341.923065185547, 12.5986566543579
[pos], 62966, 2845.82543945313, 343.187835693359, 12.6695518493652
[pos], 62983, 2857.94921875, 345.329864501953, 12.7412443161011
[pos], 62999, 2868.27563476563, 347.928894042969, 12.8129396438599
[pos], 63016, 2880.97924804688, 351.976470947266, 12.8748168945313
[pos], 63033, 2892.62377929688, 356.704803466797, 12.9520902633667
[pos], 63049, 2902.81958007813, 361.735504150391, 13.0247297286987
[pos], 63066, 2914.00219726563, 368.196594238281, 13.0902900695801
[pos], 63083, 2923.4169921875, 374.612762451172, 13.1645727157593
[pos], 63099, 2923.4169921875, 374.612762451172, 13.1645727157593
[pos], 63116, 2933.42211914063, 382.435272216797, 13.2299499511719
[pos], 63133, 2942.849609375, 390.979309082031, 13.3026456832886
[pos], 63149, 2952.09423828125, 400.669189453125, 13.375280380249
[pos], 63166, 2959.99560546875, 410.328002929688, 13.4515209197998
[pos], 63183, 2966.5849609375, 419.660186767578, 13.5223741531372
[pos], 63199, 2973.16064453125, 430.383605957031, 13.5870923995972
[pos], 63216, 2979.17358398438, 441.962005615234, 13.6581840515137
[pos], 63233, 2984.2490234375, 453.786865234375, 13.7317237854004
[pos], 63249, 2988.41015625, 465.813354492188, 13.8040657043457
[sad], 63249, detach, 1.0
[as], 63249, 0.95018738508224
[pos], 63266, 2992.20336914063, 479.973449707031, 13.8754243850708
[pos], 63283, 2994.93969726563, 490.187896728516, 13.8754243850708
[pos], 63299, 2998.22973632813, 502.469635009766, 13.8754243850708
[pos], 63316, 3001.13549804688, 513.316589355469, 13.8754243850708
[pos], 63333, 3004.35400390625, 525.33056640625, 13.8754243850708
[pos], 63349, 3004.35400390625, 525.33056640625, 13.8754243850708
[pos], 63366, 3007.73461914063, 537.950378417969, 13.8754243850708
[pos], 63383, 3011.40380859375, 551.647338867188, 13.8754243850708
[pos], 63399, 3015.13598632813, 565.57958984375, 13.8754243850708
[pos], 63416, 3018.22802734375, 577.12158203125, 13.8754243850708
[pos], 63433, 3021.55297851563, 589.533142089844, 13.8754243850708
[pos], 63449, 3024.95874023438, 602.246948242188, 13.8754243850708
[pos], 63466, 3028.24243164063, 614.505004882813, 13.8754243850708
[pos], 63483, 3031.1767578125, 625.458740234375, 13.8754243850708
[pos], 63499, 3034.408203125, 637.521423339844, 13.8754243850708
[pos], 63516, 3034.408203125, 637.521423339844, 13.8754243850708
[pos], 63533, 3037.73608398438, 649.943786621094, 13.8754243850708
[pos], 63549, 3041.2978515625, 663.23974609375, 13.8754243850708
[pos], 63566, 3044.59619140625, 675.551940917969, 13.8754243850708
[pos], 63583, 3047.77124023438, 687.403625488281, 13.8754243850708
[pos], 63599, 3051.03515625, 699.587341308594, 13.8754243850708
[pos], 63616, 3053.91381835938, 710.33349609375, 13.8754243850708
[pos], 63633, 3057.27612304688, 722.884338378906, 13.8754243850708
[pos], 63649, 3060.75854492188, 735.884155273438, 13.8754243850708
[pos], 63666, 3064.15942382813, 748.579040527344, 13.8754243850708
[pos], 63683, 3067.70922851563, 761.830383300781, 13.8754243850708
[pos], 63699, 3070.64282226563, 772.781433105469, 13.8754243850708
[pos], 63716, 3070.64282226563, 772.781433105469, 13.8754243850708
[pos], 63733, 3073.86376953125, 784.804870605469, 13.8754243850708
[pos], 63749, 3077.08862304688, 796.843200683594, 13.8754243850708
[pos], 63766, 3080.69189453125, 810.294006347656, 13.8754243850708
[pos], 63783, 3083.77026367188, 821.785339355469, 13.8754243850708
[pos], 63799, 3088.13793945313, 833.669799804688, 13.784984588623
[pos], 63816, 3092.93408203125, 844.025939941406, 13.7034645080566
[pos], 63833, 3098.92431640625, 854.491882324219, 13.6173295974731
[pos], 63849, 3106.34326171875, 865.059997558594, 13.5250997543335
[pos], 63866, 3114.73999023438, 874.935363769531, 13.4325094223022
[pos], 63883, 3124.11010742188, 884.069885253906, 13.3390398025513
[pos], 63899, 3133.73559570313, 891.916870117188, 13.2503347396851
[pos], 63916, 3144.064453125, 898.905883789063, 13.1612548828125
[pos], 63933, 3155.12524414063, 905.015014648438, 13.0710000991821
[pos], 63949, 3165.18334960938, 909.576110839844, 12.992115020752
[pos], 63966, 3177.142578125, 913.7431640625, 12.9016551971436
[pos], 63983, 3177.142578125, 913.7431640625, 12.9016551971436
[sad], 63983, attach, 0.78
[pos], 63999, 3189.45361328125, 916.816589355469, 12.8110198974609
[pos], 64016, 3193.1923828125, 930.205688476563, 13.8648595809937
[pos], 64033, 3199.33959960938, 942.930969238281, 13.6871471405029
[pos], 64049, 3206.80541992188, 953.217102050781, 13.5093297958374
[pos], 64066, 3216.68212890625, 963.089904785156, 13.3515720367432
[pos], 64083, 3226.81567382813, 970.237060546875, 13.1806383132935
[pos], 64099, 3239.1123046875, 976.396240234375, 13.0307273864746
[pos], 64116, 3239.1123046875, 976.396240234375, 13.0307273864746
[pos], 64133, 3251.99536132813, 980.384338378906, 12.8665771484375
[pos], 64149, 3265.7470703125, 982.340637207031, 12.7076835632324
[pos], 64166, 3278.96240234375, 982.0732421875, 12.5461387634277
[pos], 64183, 3292.40112304688, 979.737182617188, 12.3942575454712
[pos], 64199, 3304.83520507813, 975.519897460938, 12.2393760681152
[pos], 64216, 3317.02807617188, 969.258544921875, 12.0919637680054
[pos], 64233, 3317.02807617188, 969.258544921875, 12.0919637680054
[pos], 64249, 3327.10424804688, 961.96484375, 11.9398174285889
[pos], 64266, 3337.26879882813, 952.241149902344, 11.8031320571899
[pos], 64283, 3344.943359375, 942.242858886719, 11.6502447128296
[pos], 64299, 3351.169921875, 931.343688964844, 11.5146226882935
[pos], 64316, 3355.86157226563, 919.772705078125, 11.3807764053345
[pos], 64333, 3359.10571289063, 907.237060546875, 11.2488069534302
[pos], 64349, 3360.576171875, 894.792236328125, 11.1131820678711
[pos], 64366, 3360.4072265625, 881.276306152344, 10.9830694198608
[pos], 64383, 3358.50170898438, 868.799255371094, 10.8440217971802
[pos], 64399, 3355.22436523438, 857.412658691406, 10.7153167724609
[pos], 64416, 3350.29614257813, 845.76171875, 10.595404624939
[pos], 64433, 3350.29614257813, 845.76171875, 10.595404624939
[pos], 64449, 3343.8759765625, 834.7333984375, 10.4683742523193
[pos], 64466, 3335.50830078125, 823.82421875, 10.3412675857544
[pos], 64483, 3326.74291992188, 815.139892578125, 10.2055311203003
[pos], 64499, 3317.111328125, 807.666198730469, 10.084677696228
[pos], 64516, 3306.73583984375, 801.427856445313, 9.96612167358398
[pos], 64533, 3295.80224609375, 796.487182617188, 9.84919929504395
[pos], 64549, 3283.86694335938, 792.672912597656, 9.73409938812256
[pos], 64566, 3271.79614257813, 790.351989746094, 9.61473178863525
[pos], 64583, 3258.65991210938, 789.382629394531, 9.49843788146973
[pos], 64599, 3245.07373046875, 790.063110351563, 9.37473297119141
[pos], 64616, 3245.07373046875, 790.063110351563, 9.37473297119141
[pos], 64633, 3230.8076171875, 792.611877441406, 9.24798679351807
[pos], 64649, 3219.0859375, 796.375061035156, 9.11412620544434
[pos], 64666, 3205.7021484375, 802.408935546875, 9.00123310089111
[pos], 64683, 3193.75122070313, 809.853149414063, 8.86769008636475
[pos], 64699, 3182.95825195313, 818.654296875, 8.74068450927734
[pos], 64716, 3173.423828125, 828.644287109375, 8.61604881286621
[pos], 64733, 3166.2626953125, 838.274291992188, 8.49339771270752
[pos], 64749, 3166.2626953125, 838.274291992188, 8.49339771270752
[pos], 64766, 3159.63940429688, 849.488586425781, 8.38747596740723
[pos], 64783, 3154.22875976563, 861.629028320313, 8.27323722839355
[pos], 64799, 3150.14868164063, 874.659423828125, 8.15742588043213
[pos], 64816, 3147.75561523438, 887.426940917969, 8.03927421569824
[pos], 64833, 3146.79370117188, 900.471008300781, 7.92759847640991
[pos], 64849, 3147.2978515625, 913.690002441406, 7.81585359573364
[pos], 64866, 3149.38549804688, 927.461975097656, 7.70354461669922
[pos], 64883, 3152.35815429688, 938.290771484375, 7.58607816696167
[pos], 64899, 3152.35815429688, 938.290771484375, 7.58607816696167
[pos], 64916, 3156.73681640625, 949.849853515625, 7.49187707901001
[pos], 64933, 3162.41577148438, 961.161743164063, 7.38870763778687
[pos], 64949, 3169.859375, 972.766052246094, 7.28363656997681
[pos], 64966, 3177.92065429688, 982.651977539063, 7.16989660263062
[pos], 64983, 3186.61596679688, 991.289733886719, 7.06526851654053
[pos], 64999, 3196.41479492188, 999.247375488281, 6.96525621414185
[pos], 65016, 3207.13037109375, 1006.26171875, 6.86278390884399
[pos], 65033, 3217.076171875, 1011.39154052734, 6.75936889648438
[pos], 65049, 3229.39331054688, 1016.40026855469, 6.66941022872925
[pos], 65066, 3241.68139648438, 1019.93218994141, 6.56307077407837
[pos], 65083, 3254.5986328125, 1022.25842285156, 6.46136283874512
[pos], 65099, 3266.07421875, 1023.11291503906, 6.35750961303711
[pos], 65116, 3266.07421875, 1023.11291503906, 6.35750961303711
[pos], 65133, 3279.20239257813, 1022.89868164063, 6.26686906814575
[pos], 65149, 3290.78149414063, 1021.51147460938, 6.16395425796509
[pos], 65166, 3305.74047851563, 1018.31958007813, 6.07295942306519
[pos], 65183, 3316.34692382813, 1014.7001953125, 5.95433473587036
[pos], 65199, 3328.51684570313, 1009.33331298828, 5.86783981323242
[pos], 65216, 3339.98754882813, 1002.80340576172, 5.76567077636719
[pos], 65233, 3350.119140625, 995.595153808594, 5.66480207443237
[pos], 65249, 3359.51245117188, 987.472839355469, 5.57022333145142
[pos], 65266, 3368.501953125, 978.086303710938, 5.47618675231934
[pos], 65283, 3376.380859375, 968.056030273438, 5.37822580337524
[pos], 65299, 3382.38916015625, 958.685363769531, 5.28253698348999
[pos], 65316, 3388.14282226563, 947.819091796875, 5.19934606552124
[pos], 65333, 3392.90576171875, 936.408447265625, 5.10781764984131
[pos], 65349, 3392.90576171875, 936.408447265625, 5.10781764984131
[pos], 65366, 3396.64233398438, 924.488891601563, 5.0161600112915
[pos], 65383, 3399.31103515625, 912.063049316406, 4.92395448684692
[pos], 65399, 3400.95288085938, 898.232238769531, 4.83054828643799
[pos], 65416, 3401.158203125, 885.633239746094, 4.72868680953979
[pos], 65433, 3400.1728515625, 872.596496582031, 4.63695001602173
[pos], 65449, 3397.97436523438, 859.805358886719, 4.54218578338623
[pos], 65466, 3394.59301757813, 847.289367675781, 4.44852733612061
[pos], 65483, 3390.29736328125, 835.7724609375, 4.35537672042847
[pos], 65499, 3384.9404296875, 824.5390625, 4.26741552352905
[pos], 65516, 3379.23779296875, 814.888122558594, 4.17870426177979
[pos], 65533, 3371.52905273438, 803.935974121094, 4.09907388687134
[pos], 65549, 3371.52905273438, 803.935974121094, 4.09907388687134
[pos], 65566, 3363.80053710938, 794.909301757813, 4.004319190979
[pos], 65583, 3353.279296875, 784.522277832031, 3.9205687046051
[pos], 65599, 3342.36987304688, 775.78515625, 3.81686449050903
[pos], 65616, 3330.0009765625, 767.7216796875, 3.71931314468384
[pos], 65633, 3319.380859375, 762.257446289063, 3.61678385734558
[pos], 65649, 3306.5908203125, 756.961303710938, 3.53418254852295
[pos], 65666, 3306.5908203125, 756.961303710938, 3.53418254852295
[pos], 65683, 3294.072265625, 753.126525878906, 3.43884062767029
[pos], 65699, 3280.61010742188, 750.29296875, 3.34904623031616
[pos], 65716, 3267.24609375, 748.76953125, 3.25509929656982
[pos], 65733, 3254.451171875, 748.487426757813, 3.1636369228363
[pos], 65749, 3241.36889648438, 749.334289550781, 3.07695055007935
[pos], 65766, 3228.2099609375, 751.36474609375, 2.98849606513977
[pos], 65783, 3217.12866210938, 754.106811523438, 2.89901518821716
[pos], 65799, 3203.81860351563, 758.503540039063, 2.82254910469055
[pos], 65816, 3203.81860351563, 758.503540039063, 2.82254910469055
[pos], 65833, 3191.46533203125, 763.910522460938, 2.72901940345764
[pos], 65849, 3178.61572265625, 770.966613769531, 2.63941550254822
[pos], 65866, 3167.23754882813, 778.736633300781, 2.54244136810303
[pos], 65883, 3156.44848632813, 787.639526367188, 2.45169019699097
[pos], 65899, 3146.2646484375, 797.747436523438, 2.35994124412537
[pos], 65916, 3146.2646484375, 797.747436523438, 2.35994124412537
[pos], 65933, 3138.435546875, 807.129028320313, 2.26623487472534
[pos], 65949, 3130.76977539063, 817.959899902344, 2.18671917915344
[pos], 65966, 3123.73095703125, 829.976623535156, 2.10067486763
[pos], 65983, 3118.08081054688, 841.98046875, 2.01072311401367
[pos], 65999, 3113.50244140625, 854.347534179688, 1.92535376548767
[pos], 66016, 3109.94946289063, 867.185241699219, 1.84080278873444
[pos], 66033, 3107.4140625, 880.739501953125, 1.75570714473724
[pos], 66049, 3106.27905273438, 892.38623046875, 1.66794717311859
[pos], 66066, 3106.27905273438, 892.38623046875, 1.66794717311859
[pos], 66083, 3105.97192382813, 905.794006347656, 1.59370481967926
[pos], 66099, 3106.81811523438, 919.446533203125, 1.50889921188354
[pos], 66116, 3108.78759765625, 932.649475097656, 1.42272007465363
[pos], 66133, 3111.74243164063, 945.163635253906, 1.33891892433167
[pos], 66149, 3115.78833007813, 957.693603515625, 1.25846695899963
[pos], 66166, 3120.86206054688, 969.882507324219, 1.17635750770569
[pos], 66183, 3126.84765625, 981.478942871094, 1.0943021774292
[pos], 66199, 3132.96166992188, 991.288757324219, 1.01346302032471
[pos], 66216, 3132.96166992188, 991.288757324219, 1.01346302032471
[pos], 66233, 3140.78076171875, 1002.04144287109, 0.94205915927887
[pos], 66249, 3149.77319335938, 1012.49060058594, 0.86018532514572
[pos], 66266, 3158.65087890625, 1021.19567871094, 0.77558654546738
[pos], 66283, 3168.09399414063, 1029.14196777344, 0.69952440261841
[pos], 66299, 3177.890625, 1036.19873046875, 0.6242396235466
[pos], 66316, 3188.6875, 1042.830078125, 0.55079180002213
[pos], 66333, 3199.89306640625, 1048.57775878906, 0.47393235564232
[pos], 66349, 3211.84887695313, 1053.60107421875, 0.3977632522583
[pos], 66366, 3224.70288085938, 1057.8544921875, 0.31956431269646
[pos], 66383, 3237.74975585938, 1061.02221679688, 0.23818412423134
[pos], 66399, 3249.60424804688, 1062.90795898438, 0.15774935483932
[pos], 66416, 3249.60424804688, 1062.90795898438, 0.15774935483932
[pos], 66433, 3262.34741210938, 1064.00708007813, 0.08603675663471
[pos], 66449, 3276.04516601563, 1064.14184570313, 0.00983614474535
[pos], 66466, 3288.2861328125, 1063.26489257813, -0.07151471823454
[pos], 66483, 3300.53442382813, 1061.48645019531, -0.14418798685074
[pos], 66499, 3312.8134765625, 1058.77563476563, -0.21728447079659
[pos], 66516, 3324.73095703125, 1055.20178222656, -0.2913484275341
[pos], 66533, 3335.71801757813, 1051.01049804688, -0.36443224549294
[pos], 66549, 3345.2431640625, 1046.60363769531, -0.43333655595779
[pos], 66566, 3356.37622070313, 1040.59790039063, -0.49470746517181
[pos], 66583, 3366.68237304688, 1034.01379394531, -0.5684962272644
[pos], 66599, 3376.7705078125, 1026.50817871094, -0.63965046405792
[pos], 66616, 3385.89501953125, 1018.62390136719, -0.71261596679688
[pos], 66633, 3394.88720703125, 1009.68518066406, -0.78241717815399
[pos], 66649, 3403.3916015625, 999.893981933594, -0.85561764240265
[pos], 66666, 3410.90893554688, 989.808288574219, -0.93028497695923
[pos], 66683, 3416.8525390625, 980.500183105469, -1.00251436233521
[pos], 66699, 3416.8525390625, 980.500183105469, -1.00251436233521
[pos], 66716, 3423.24926757813, 968.929016113281, -1.06578934192657
[pos], 66733, 3428.55810546875, 957.336303710938, -1.14134657382965
[pos], 66749, 3433.337890625, 944.512451171875, -1.21401417255402
[pos], 66766, 3436.64501953125, 932.968322753906, -1.29178595542908
[pos], 66783, 3439.154296875, 921.249267578125, -1.35985267162323
[pos], 66799, 3440.908203125, 909.081665039063, -1.42762804031372
[pos], 66816, 3441.84692382813, 896.386840820313, -1.49698460102081
[pos], 66833, 3441.87353515625, 884.169799804688, -1.56862115859985
[pos], 66849, 3441.13842773438, 873.118103027344, -1.63720750808716
[pos], 66866, 3439.46997070313, 860.20263671875, -1.69926011562347
[pos], 66883, 3436.96264648438, 847.911804199219, -1.77204322814941
[pos], 66899, 3433.67895507813, 836.100708007813, -1.84197402000427
[pos], 66916, 3429.45483398438, 824.134826660156, -1.91015493869781
[pos], 66933, 3424.48120117188, 812.683837890625, -1.98055899143219
[pos], 66949, 3418.8271484375, 801.793090820313, -2.04965782165527
[pos], 66966, 3413.10278320313, 792.385375976563, -2.1174168586731
[pos], 66983, 3405.98071289063, 782.13671875, -2.17810535430908
[pos], 66999, 3405.98071289063, 782.13671875, -2.17810535430908
[pos], 67016, 3398.17651367188, 772.405456542969, -2.24673295021057
[pos], 67033, 3389.82299804688, 763.336669921875, -2.31516551971436
[pos], 67049, 3379.71337890625, 753.748291015625, -2.38265132904053
[pos], 67066, 3369.77001953125, 745.659912109375, -2.4587094783783
[pos], 67083, 3359.35888671875, 738.335327148438, -2.52849578857422
[pos], 67099, 3347.38549804688, 731.093566894531, -2.59763598442078
[pos], 67116, 3335.39599609375, 725.031066894531, -2.67343258857727
[pos], 67133, 3322.97778320313, 719.845275878906, -2.74600958824158
[pos], 67149, 3311.74780273438, 716.08544921875, -2.81851649284363
[pos], 67166, 3311.74780273438, 716.08544921875, -2.81851649284363
[pos], 67183, 3298.52270507813, 712.575622558594, -2.88218116760254
[pos], 67199, 3284.16845703125, 709.873962402344, -2.95555686950684
[pos], 67216, 3270.88330078125, 708.434387207031, -3.03365468978882
[pos], 67233, 3257.1943359375, 707.932006835938, -3.10491108894348
[pos], 67249, 3243.50708007813, 708.427307128906, -3.17776417732239
[pos], 67266, 3231.42138671875, 709.747680664063, -3.2504141330719
[pos], 67283, 3231.42138671875, 709.747680664063, -3.2504141330719
[pos], 67299, 3218.85668945313, 711.945434570313, -3.31475734710693
[pos], 67316, 3205.03051757813, 715.336608886719, -3.38211584091187
[pos], 67333, 3193.3173828125, 719.159851074219, -3.45709490776062
[pos], 67349, 3181.39819335938, 723.923889160156, -3.52183842658997
[pos], 67366, 3169.40356445313, 729.681640625, -3.5891375541687
[pos], 67383, 3158.05981445313, 736.133544921875, -3.65873026847839
[pos], 67399, 3147.36694335938, 743.219421386719, -3.72682976722717
[pos], 67416, 3137.26098632813, 750.934265136719, -3.79361629486084
[pos], 67433, 3127.40209960938, 759.547546386719, -3.85966658592224
[pos], 67449, 3119.275390625, 767.682800292969, -3.9275233745575
[pos], 67466, 3119.275390625, 767.682800292969, -3.9275233745575
[pos], 67483, 3110.42309570313, 777.6669921875, -3.98700976371765
[pos], 67499, 3101.34423828125, 789.449951171875, -4.05588817596436
[pos], 67516, 3094.0302734375, 800.615234375, -4.13246154785156
[pos], 67533, 3087.5634765625, 812.138610839844, -4.20099782943726
[pos], 67549, 3081.79711914063, 824.270263671875, -4.26869058609009
[pos], 67566, 3076.82250976563, 836.906311035156, -4.33734226226807
[pos], 67583, 3073.2666015625, 848.16943359375, -4.40658283233643
[pos], 67599, 3073.2666015625, 848.16943359375, -4.40658283233643
[sad], 67599, detach, 1.0
[as], 67599, 0.94373083114624
[pos], 67616, 3069.85864257813, 861.759155273438, -4.46668386459351
[pos], 67633, 3066.68530273438, 874.413391113281, -4.46668386459351
[pos], 67649, 3063.4013671875, 887.508422851563, -4.46668386459351
[pos], 67666, 3059.88647460938, 901.5244140625, -4.46668386459351
[pos], 67683, 3056.81665039063, 913.765686035156, -4.46668386459351
[pos], 67699, 3053.599609375, 926.59423828125, -4.46668386459351
[pos], 67716, 3050.73583984375, 938.013916015625, -4.46668386459351
[pos], 67733, 3050.73583984375, 938.013916015625, -4.46668386459351
[pos], 67749, 3047.51879882813, 950.842468261719, -4.46668386459351
[pos], 67766, 3044.00390625, 964.858581542969, -4.46668386459351
[pos], 67783, 3040.81811523438, 977.562255859375, -4.46668386459351
[pos], 67799, 3037.38403320313, 991.255859375, -4.46668386459351
[pos], 67816, 3033.97534179688, 1004.84893798828, -4.46668386459351
[pos], 67833, 3033.97534179688, 1004.84893798828, -4.46668386459351
[pos], 67849, 3030.55200195313, 1018.49975585938, -4.46668386459351
[pos], 67866, 3027.49975585938, 1030.67114257813, -4.46668386459351
[pos], 67883, 3024.48046875, 1042.71142578125, -4.46668386459351
[pos], 67899, 3021.1416015625, 1056.02612304688, -4.46668386459351
[pos], 67916, 3017.89575195313, 1068.96948242188, -4.46668386459351
[pos], 67933, 3013.86499023438, 1080.599609375, -4.3787636756897
[pos], 67949, 3008.81567382813, 1091.85412597656, -4.29065370559692
[pos], 67966, 3002.36962890625, 1103.23901367188, -4.19720363616943
[pos], 67983, 2994.77661132813, 1114.10571289063, -4.10251379013062
[pos], 67999, 2994.77661132813, 1114.10571289063, -4.10251379013062
[pos], 68016, 2986.37280273438, 1124.02746582031, -4.00963878631592
[pos], 68033, 2976.822265625, 1133.33984375, -3.91435885429382
[pos], 68049, 2968.74780273438, 1140.10668945313, -3.83910894393921
[pos], 68066, 2958.46948242188, 1147.26086425781, -3.74965906143188
[pos], 68083, 2946.328125, 1154.03259277344, -3.65035915374756
[pos], 68099, 2934.84643554688, 1160.43640136719, -3.65035915374756
[pos], 68116, 2924.24755859375, 1166.34777832031, -3.65035915374756
[pos], 68133, 2912.830078125, 1172.71569824219, -3.65035915374756
[pos], 68149, 2901.7763671875, 1178.88073730469, -3.65035915374756
[pos], 68166, 2890.763671875, 1185.02294921875, -3.65035915374756
[pos], 68183, 2879.49731445313, 1191.306640625, -3.65035915374756
[pos], 68199, 2868.47778320313, 1197.45263671875, -3.65035915374756
[pos], 68216, 2858.35522460938, 1203.09838867188, -3.65035915374756
[pos], 68233, 2858.35522460938, 1203.09838867188, -3.65035915374756
[pos], 68249, 2846.41455078125, 1209.75817871094, -3.65035915374756
[pos], 68266, 2833.21923828125, 1217.11767578125, -3.65035915374756
[pos], 68283, 2821.677734375, 1223.55480957031, -3.65035915374756
[pos], 68299, 2809.89233398438, 1230.12805175781, -3.65035915374756
[pos], 68316, 2809.89233398438, 1230.12805175781, -3.65035915374756
[pos], 68333, 2796.64038085938, 1237.51928710938, -3.65035915374756
[pos], 68349, 2785.76879882813, 1243.58276367188, -3.65035915374756
[pos], 68366, 2773.525390625, 1250.41137695313, -3.65035915374756
[pos], 68383, 2763.76953125, 1255.8525390625, -3.65035915374756
[sad], 68383, attach, 0.765
[pos], 68399, 2752.36987304688, 1262.21057128906, -3.65035915374756
[pos], 68416, 2739.19873046875, 1262.15100097656, -3.13707041740417
[pos], 68433, 2725.74169921875, 1264.25573730469, -3.29673671722412
[pos], 68449, 2713.57568359375, 1268.26171875, -3.45969200134277
[pos], 68466, 2701.34887695313, 1274.46472167969, -3.61108708381653
[pos], 68483, 2691.60180664063, 1281.56469726563, -3.77114105224609
[pos], 68499, 2691.60180664063, 1281.56469726563, -3.77114105224609
[pos], 68516, 2682.22021484375, 1290.64013671875, -3.91040778160095
[pos], 68533, 2674.8408203125, 1300.29052734375, -4.05955266952515
[pos], 68549, 2667.60424804688, 1313.06506347656, -4.1969780921936
[pos], 68566, 2663.25024414063, 1324.943359375, -4.36105060577393
[pos], 68583, 2660.60327148438, 1337.27075195313, -4.50087738037109
[pos], 68599, 2659.66967773438, 1349.95190429688, -4.63889455795288
[pos], 68616, 2660.53295898438, 1363.34375, -4.77676296234131
[pos], 68633, 2663.17797851563, 1375.85119628906, -4.92080116271973
[pos], 68649, 2663.17797851563, 1375.85119628906, -4.92080116271973
[pos], 68666, 2672.8720703125, 1398.29321289063, -5.20191764831543
[pos], 68683, 2672.8720703125, 1398.29321289063, -5.20191764831543
[pos], 68699, 2680.46801757813, 1409.36376953125, -5.31375551223755
[pos], 68716, 2689.5908203125, 1419.34741210938, -5.45275974273682
[pos], 68733, 2699.10302734375, 1427.22631835938, -5.59143352508545
[pos], 68749, 2709.7470703125, 1433.99145507813, -5.71701431274414
[pos], 68766, 2721.4794921875, 1439.5, -5.84421634674072
[pos], 68783, 2733.85620117188, 1443.45544433594, -5.97385740280151
[pos], 68799, 2746.75024414063, 1445.80773925781, -6.10273838043213
[pos], 68816, 2760.05493164063, 1446.49377441406, -6.23166561126709
[pos], 68833, 2771.35107421875, 1445.60607910156, -6.36161375045776
[pos], 68849, 2771.35107421875, 1445.60607910156, -6.36161375045776
[pos], 68866, 2785.60864257813, 1442.89074707031, -6.47138357162476
[pos], 68883, 2799.31469726563, 1438.23266601563, -6.61079502105713
[pos], 68899, 2811.28686523438, 1432.22131347656, -6.74851560592651
[pos], 68916, 2822.73779296875, 1424.52612304688, -6.87488794326782
[pos], 68933, 2833.05859375, 1415.45983886719, -7.00396347045898
[pos], 68949, 2833.05859375, 1415.45983886719, -7.00396347045898
[pos], 68966, 2842.06225585938, 1405.24694824219, -7.13143539428711
[pos], 68983, 2848.90161132813, 1395.18969726563, -7.25677013397217
[pos], 68999, 2855.69995117188, 1382.32055664063, -7.36797857284546
[pos], 69016, 2860.27124023438, 1369.9501953125, -7.50001239776611
[pos], 69033, 2863.32934570313, 1357.19079589844, -7.61874151229858
[pos], 69049, 2864.9140625, 1343.81494140625, -7.73604679107666
[pos], 69066, 2864.89208984375, 1330.4736328125, -7.85562038421631
[pos], 69083, 2864.89208984375, 1330.4736328125, -7.85562038421631
[pos], 69099, 2863.2880859375, 1317.0859375, -7.97322988510132
[pos], 69116, 2860.23950195313, 1304.48046875, -8.09126663208008
[pos], 69133, 2855.08959960938, 1290.37548828125, -8.2040548324585
[pos], 69149, 2849.53662109375, 1279.70031738281, -8.33363723754883
[pos], 69166, 2841.25170898438, 1267.13269042969, -8.43682289123535
[pos], 69183, 2841.25170898438, 1267.13269042969, -8.43682289123535
[pos], 69199, 2829.70458984375, 1253.72509765625, -8.56496620178223
[pos], 69216, 2819.48291015625, 1244.92663574219, -8.71407318115234
[pos], 69233, 2808.14990234375, 1237.20727539063, -8.82682132720947
[pos], 69249, 2796.01416015625, 1230.82653808594, -8.94071674346924
[pos], 69266, 2784.0185546875, 1226.16137695313, -9.05386924743652
[pos], 69283, 2772.99633789063, 1223.16650390625, -9.15946769714355
[pos], 69299, 2772.99633789063, 1223.16650390625, -9.15946769714355
[pos], 69316, 2759.310546875, 1220.78845214844, -9.25273323059082
[pos], 69333, 2746.86401367188, 1220.04992675781, -9.36551380157471
[pos], 69349, 2733.79858398438, 1220.59130859375, -9.46619033813477
[pos], 69366, 2721.52172851563, 1222.40197753906, -9.57121086120605
[pos], 69383, 2709.11791992188, 1225.51098632813, -9.67036628723145
[pos], 69399, 2696.92041015625, 1229.92529296875, -9.77202129364014
[pos], 69416, 2684.92260742188, 1235.71826171875, -9.87460136413574
[pos], 69433, 2675.36987304688, 1241.63586425781, -9.97939109802246
[pos], 69449, 2665.060546875, 1249.35339355469, -10.0673847198486
[pos], 69466, 2655.9208984375, 1257.74877929688, -10.1677579879761
[pos], 69483, 2647.2119140625, 1267.44995117188, -10.2640256881714
[pos], 69499, 2640.47631835938, 1276.67016601563, -10.3646554946899
[pos], 69516, 2640.47631835938, 1276.67016601563, -10.3646554946899
[pos], 69533, 2633.70654296875, 1287.88342285156, -10.4524192810059
[pos], 69549, 2628.25512695313, 1299.375, -10.5526285171509
[pos], 69566, 2623.46899414063, 1312.64685058594, -10.6494693756104
[pos], 69583, 2620.38793945313, 1325.27758789063, -10.7563123703003
[pos], 69599, 2618.54760742188, 1338.21423339844, -10.8542680740356
[pos], 69616, 2617.96313476563, 1351.69482421875, -10.9522466659546
[pos], 69633, 2618.73657226563, 1365.16589355469, -11.0529193878174
[pos], 69649, 2620.71752929688, 1377.63830566406, -11.1530857086182
[pos], 69666, 2623.59790039063, 1388.87976074219, -11.2464065551758
[pos], 69683, 2623.59790039063, 1388.87976074219, -11.2464065551758
[pos], 69699, 2627.94702148438, 1401.32263183594, -11.331826210022
[pos], 69716, 2633.28295898438, 1412.87048339844, -11.4284296035767
[pos], 69733, 2639.45483398438, 1423.50952148438, -11.5212497711182
[pos], 69749, 2647.06762695313, 1434.28527832031, -11.6106281280518
[pos], 69766, 2655.22436523438, 1443.76538085938, -11.7060832977295
[pos], 69783, 2664.14575195313, 1452.41943359375, -11.7961826324463
[pos], 69799, 2673.69702148438, 1460.15905761719, -11.8853693008423
[pos], 69816, 2684.40600585938, 1467.37805175781, -11.9732389450073
[pos], 69833, 2695.87866210938, 1473.66345214844, -12.0651712417603
[pos], 69849, 2707.251953125, 1478.58605957031, -12.1578922271729
[pos], 69866, 2717.6806640625, 1482.05346679688, -12.24538230896
[pos], 69883, 2730.35815429688, 1485.205078125, -12.322714805603
[pos], 69899, 2742.85913085938, 1487.12109375, -12.414288520813
[pos], 69916, 2742.85913085938, 1487.12109375, -12.414288520813
[pos], 69933, 2754.97241210938, 1487.89477539063, -12.502589225769
[pos], 69949, 2767.62353515625, 1487.63342285156, -12.5870246887207
[pos], 69966, 2780.08349609375, 1486.27807617188, -12.6747179031372
[pos], 69983, 2792.48559570313, 1483.830078125, -12.7612504959106
[pos], 69999, 2804.8466796875, 1480.25109863281, -12.8481979370117
[pos], 70016, 2816.31201171875, 1475.80407714844, -12.9363698959351
[pos], 70033, 2827.42578125, 1470.38122558594, -13.020320892334
[pos], 70049, 2838.39624023438, 1463.83386230469, -13.1044425964355
[pos], 70066, 2849.2890625, 1455.98046875, -13.1910305023193
[pos], 70083, 2859.40991210938, 1447.18737792969, -13.2816801071167
[pos], 70099, 2859.40991210938, 1447.18737792969, -13.2816801071167
[pos], 70116, 2868.94946289063, 1437.25744628906, -13.3718166351318
[pos], 70133, 2876.54150390625, 1427.73669433594, -13.4640035629272
[pos], 70149, 2884.91870117188, 1415.27746582031, -13.5452337265015
[pos], 70166, 2891.14697265625, 1403.6630859375, -13.6449422836304
[pos], 70183, 2895.66967773438, 1393.11535644531, -13.7321014404297
[pos], 70199, 2900.06811523438, 1380.24890136719, -13.8077592849731
[pos], 70216, 2903.14892578125, 1367.66418457031, -13.8970766067505
[pos], 70233, 2905.208984375, 1354.50622558594, -13.9818658828735
[pos], 70249, 2906.04614257813, 1342.29821777344, -14.068699836731
[pos], 70266, 2906.04614257813, 1342.29821777344, -14.068699836731
[pos], 70283, 2905.90405273438, 1329.43579101563, -14.1482133865356
[pos], 70299, 2904.556640625, 1315.19775390625, -14.231517791748
[pos], 70316, 2902.10400390625, 1302.20642089844, -14.3237676620483
[pos], 70333, 2899.11303710938, 1291.46398925781, -14.4087200164795
[pos], 70349, 2894.5556640625, 1278.70202636719, -14.4801645278931
[pos], 70366, 2888.94360351563, 1266.44982910156, -14.5666971206665
[pos], 70383, 2882.552734375, 1255.16418457031, -14.6524324417114
[pos], 70399, 2875.14892578125, 1244.28356933594, -14.7346572875977
[pos], 70416, 2867.48999023438, 1234.82470703125, -14.8178081512451
[pos], 70433, 2867.48999023438, 1234.82470703125, -14.8178081512451
[pos], 70449, 2858.3173828125, 1225.12145996094, -14.8944654464722
[pos], 70466, 2848.45434570313, 1216.30053710938, -14.9782857894897
[pos], 70483, 2838.3994140625, 1208.70593261719, -15.0610637664795
[pos], 70499, 2827.5205078125, 1201.75854492188, -15.1396408081055
[pos], 70516, 2815.65600585938, 1195.45935058594, -15.219877243042
[pos], 70533, 2803.57934570313, 1190.28393554688, -15.3030958175659
[pos], 70549, 2791.23168945313, 1186.14074707031, -15.3842191696167
[pos], 70566, 2778.556640625, 1182.99072265625, -15.4643745422363
[pos], 70583, 2767.28295898438, 1181.13122558594, -15.5444965362549
[pos], 70599, 2767.28295898438, 1181.13122558594, -15.5444965362549
[pos], 70616, 2754.17211914063, 1179.90100097656, -15.6144008636475
[pos], 70633, 2740.3251953125, 1179.7177734375, -15.6947269439697
[pos], 70649, 2728.7880859375, 1180.53759765625, -15.7789096832275
[pos], 70666, 2715.50927734375, 1182.42321777344, -15.8490219116211
[pos], 70683, 2703.2509765625, 1185.19165039063, -15.9300785064697
[pos], 70699, 2690.65698242188, 1189.0576171875, -16.0058002471924
[pos], 70716, 2678.71459960938, 1193.78576660156, -16.0849380493164
[pos], 70733, 2667.27392578125, 1199.36730957031, -16.1618614196777
[pos], 70749, 2656.6513671875, 1205.58996582031, -16.2378768920898
[pos], 70766, 2645.98754882813, 1212.93615722656, -16.3111915588379
[pos], 70783, 2636.8076171875, 1220.361328125, -16.3880844116211
[pos], 70799, 2636.8076171875, 1220.361328125, -16.3880844116211
[pos], 70816, 2627.28344726563, 1229.23486328125, -16.4580116271973
[pos], 70833, 2618.02392578125, 1239.29736328125, -16.53489112854
[pos], 70849, 2610.31616210938, 1249.16015625, -16.6154003143311
[sad], 70849, detach, 1.0
[as], 70849, 0.5307429432869
[pos], 70866, 2602.97778320313, 1260.123046875, -16.6888828277588
[pos], 70883, 2596.70776367188, 1269.48986816406, -16.6888828277588
[pos], 70899, 2589.89916992188, 1279.66137695313, -16.6888828277588
[pos], 70916, 2583.08447265625, 1289.84216308594, -16.6888828277588
[pos], 70933, 2576.18188476563, 1300.15417480469, -16.6888828277588
[pos], 70949, 2568.67358398438, 1311.37109375, -16.6888828277588
[pos], 70966, 2562.24340820313, 1320.97717285156, -16.6888828277588
[pos], 70983, 2555.20556640625, 1331.49133300781, -16.6888828277588
[pos], 70999, 2555.20556640625, 1331.49133300781, -16.6888828277588
[pos], 71016, 2548.4345703125, 1341.60681152344, -16.6888828277588
[pos], 71033, 2540.880859375, 1352.8916015625, -16.6888828277588
[pos], 71049, 2533.9501953125, 1363.24536132813, -16.6888828277588
[pos], 71066, 2527.17651367188, 1373.36474609375, -16.6888828277588
[pos], 71083, 2520.37133789063, 1383.53125, -16.6888828277588
[pos], 71099, 2513.27026367188, 1394.13977050781, -16.6888828277588
[pos], 71116, 2505.85400390625, 1405.21899414063, -16.6888828277588
[pos], 71133, 2499.85473632813, 1414.18139648438, -16.6888828277588
[pos], 71149, 2492.51879882813, 1425.14074707031, -16.6888828277588
[pos], 71166, 2485.60522460938, 1435.46899414063, -16.6888828277588
[pos], 71183, 2478.69604492188, 1445.79077148438, -16.6888828277588
[pos], 71199, 2471.55200195313, 1456.46337890625, -16.6888828277588
[pos], 71216, 2464.50610351563, 1466.98937988281, -16.6888828277588
[pos], 71233, 2458.23559570313, 1476.35717773438, -16.6888828277588
[pos], 71249, 2458.23559570313, 1476.35717773438, -16.6888828277588
[pos], 71266, 2450.89306640625, 1487.32641601563, -16.6888828277588
[pos], 71283, 2442.93139648438, 1499.22058105469, -16.6888828277588
[pos], 71299, 2435.85595703125, 1509.79077148438, -16.6888828277588
[pos], 71316, 2428.5849609375, 1520.65295410156, -16.6888828277588
[pos], 71333, 2421.62866210938, 1531.04516601563, -16.6888828277588
[pos], 71349, 2414.54614257813, 1541.62585449219, -16.6888828277588
[pos], 71366, 2407.5029296875, 1552.14770507813, -16.6888828277588
[pos], 71383, 2400.24536132813, 1562.99011230469, -16.6888828277588
[pos], 71399, 2393.26025390625, 1573.42529296875, -16.6888828277588
[pos], 71416, 2386.74438476563, 1583.15954589844, -16.6888828277588
[pos], 71433, 2386.74438476563, 1583.15954589844, -16.6888828277588
[pos], 71449, 2379.86450195313, 1593.43774414063, -16.6888828277588
[pos], 71466, 2372.89526367188, 1603.84912109375, -16.6888828277588
[pos], 71483, 2365.89892578125, 1614.30126953125, -16.6888828277588
[pos], 71499, 2358.466796875, 1625.404296875, -16.6888828277588
[pos], 71516, 2352.14086914063, 1634.85473632813, -16.6888828277588
[pos], 71533, 2345.1826171875, 1645.24987792969, -16.6888828277588
[pos], 71549, 2338.84155273438, 1654.72302246094, -16.6888828277588
[pos], 71566, 2332.19995117188, 1664.64514160156, -16.6888828277588
[pos], 71583, 2326.12622070313, 1673.71862792969, -16.6888828277588
[pos], 71599, 2319.57934570313, 1683.4990234375, -16.6888828277588
[pos], 71616, 2312.96752929688, 1693.37658691406, -16.6888828277588
[pos], 71633, 2306.07641601563, 1703.67138671875, -16.6888828277588
[pos], 71649, 2299.20703125, 1713.93371582031, -16.6888828277588
[pos], 71666, 2292.24072265625, 1724.3408203125, -16.6888828277588
[pos], 71683, 2285.6611328125, 1734.17016601563, -16.6888828277588
[pos], 71699, 2279.22875976563, 1743.77978515625, -16.6888828277588
[pos], 71716, 2273.31982421875, 1752.607421875, -16.6888828277588
[pos], 71733, 2265.1396484375, 1762.55822753906, -16.5907135009766
[pos], 71749, 2257.25073242188, 1770.61975097656, -16.5041828155518
[pos], 71766, 2249.546875, 1777.33996582031, -16.4252777099609
[pos], 71783, 2240.24365234375, 1784.09411621094, -16.3359279632568
[pos], 71799, 2230.6435546875, 1789.85339355469, -16.2483234405518
[pos], 71816, 2230.6435546875, 1789.85339355469, -16.2483234405518
[pos], 71833, 2220.13989257813, 1794.90771484375, -16.1564483642578
[pos], 71849, 2208.42407226563, 1799.1767578125, -16.05739402771
[pos], 71866, 2199.49487304688, 1801.69885253906, -15.9832487106323
[pos], 71883, 2189.48657226563, 1803.65747070313, -15.9012184143066
[pos], 71899, 2178.09228515625, 1804.80590820313, -15.8084087371826
[pos], 71916, 2167.70288085938, 1804.96862792969, -15.7236185073853
[pos], 71933, 2157.23510742188, 1804.228515625, -15.637378692627
[pos], 71949, 2146.70166015625, 1802.54052734375, -15.5490684509277
[pos], 71966, 2136.37915039063, 1799.93017578125, -15.4602737426758
[pos], 71983, 2126.66967773438, 1796.56079101563, -15.3739433288574
[pos], 71999, 2118.46923828125, 1793.00061035156, -15.2983684539795
[pos], 72016, 2109.03930664063, 1787.83435058594, -15.2067632675171
[pos], 72033, 2099.5673828125, 1782.64501953125, -15.2067632675171
[pos], 72049, 2091.43530273438, 1778.18981933594, -15.2067632675171
[pos], 72066, 2082.19921875, 1773.12976074219, -15.2067632675171
[pos], 72083, 2073.10595703125, 1768.14782714844, -15.2067632675171
[pos], 72099, 2063.7470703125, 1763.02038574219, -15.2067632675171
[pos], 72116, 2054.0078125, 1757.6845703125, -15.2067632675171
[pos], 72133, 2044.55590820313, 1752.50622558594, -15.2067632675171
[pos], 72149, 2034.78784179688, 1747.15466308594, -15.2067632675171
[pos], 72166, 2025.27014160156, 1741.94030761719, -15.2067632675171
[pos], 72183, 2016.16357421875, 1736.951171875, -15.2067632675171
[pos], 72199, 2006.43676757813, 1731.62219238281, -15.2067632675171
[pos], 72216, 2006.43676757813, 1731.62219238281, -15.2067632675171
[pos], 72233, 1996.38000488281, 1726.11242675781, -15.2067632675171
[pos], 72249, 1986.40100097656, 1720.64526367188, -15.2067632675171
[pos], 72266, 1976.21264648438, 1715.0634765625, -15.2067632675171
[pos], 72283, 1966.53552246094, 1709.76171875, -15.2067632675171
[pos], 72299, 1956.41259765625, 1704.21569824219, -15.2067632675171
[pos], 72316, 1946.31286621094, 1698.68249511719, -15.2067632675171
[pos], 72333, 1936.6708984375, 1693.40002441406, -15.2067632675171
[pos], 72349, 1926.72155761719, 1687.94921875, -15.2067632675171
[pos], 72366, 1916.32458496094, 1682.25305175781, -15.2067632675171
[pos], 72383, 1905.68725585938, 1676.42529296875, -15.2067632675171
[pos], 72399, 1895.07861328125, 1670.61328125, -15.2067632675171
[pos], 72416, 1884.44360351563, 1664.78674316406, -15.2067632675171
[pos], 72433, 1875.14404296875, 1659.69189453125, -15.2067632675171
[pos], 72449, 1864.7666015625, 1654.00646972656, -15.2067632675171
[pos], 72466, 1854.0244140625, 1648.12121582031, -15.2067632675171
[pos], 72483, 1842.82861328125, 1641.98742675781, -15.2067632675171
[pos], 72499, 1831.88208007813, 1635.990234375, -15.2067632675171
[pos], 72516, 1819.68322753906, 1629.30688476563, -15.2067632675171
[pos], 72533, 1809.1884765625, 1623.55725097656, -15.2067632675171
[pos], 72549, 1799.00073242188, 1617.97583007813, -15.2067632675171
[pos], 72566, 1788.34338378906, 1612.13708496094, -15.2067632675171
[pos], 72583, 1788.34338378906, 1612.13708496094, -15.2067632675171
[pos], 72599, 1776.50793457031, 1605.65283203125, -15.2067632675171
[pos], 72616, 1765.671875, 1599.71618652344, -15.2067632675171
[pos], 72633, 1754.63391113281, 1593.6689453125, -15.2067632675171
[pos], 72649, 1743.51000976563, 1587.57458496094, -15.2067632675171
[pos], 72666, 1732.79370117188, 1581.70349121094, -15.2067632675171
[pos], 72683, 1722.61511230469, 1576.12707519531, -15.2067632675171
[pos], 72699, 1711.61950683594, 1570.10302734375, -15.2067632675171
[pos], 72716, 1701.3359375, 1564.46911621094, -15.2067632675171
[pd], 72716, black_hole
[pos], 72733, 1689.32238769531, 1557.88732910156, -15.2067632675171
[pos], 72749, 1679.26782226563, 1552.37878417969, -15.2067632675171
[pos], 72766, 1667.61022949219, 1559.38232421875, -15.2067632675171
[pos], 72783, 1656.43981933594, 1566.09313964844, -15.2067632675171
[pos], 72799, 1646.12573242188, 1572.28942871094, -15.2067632675171
[pos], 72816, 1635.96704101563, 1578.39245605469, -15.2067632675171
[pos], 72833, 1625.80651855469, 1584.49645996094, -15.2067632675171
[pos], 72849, 1625.80651855469, 1584.49645996094, -15.2067632675171
[pos], 72866, 1615.12219238281, 1590.91516113281, -15.2067632675171
[pos], 72883, 1603.29479980469, 1598.02062988281, -15.2067632675171
[pos], 72899, 1603.29479980469, 1598.02062988281, -15.2067632675171
[pos], 72916, 1603.29479980469, 1598.02062988281, 0.0
[pos], 72933, 1603.29479980469, 1598.02062988281, -0.18963924050331
[pos], 72949, 1603.29479980469, 1598.02062988281, -0.43127816915512
[pos], 72966, 1603.29479980469, 1598.02062988281, -0.65487176179886
[pos], 72983, 1603.29479980469, 1598.02062988281, -0.85441333055496
[pos], 72999, 1603.29479980469, 1598.02062988281, -1.07741630077362
[pos], 73016, 1603.29479980469, 1598.02062988281, -1.28204727172852
[pos], 73033, 1603.29479980469, 1598.02062988281, -1.50266253948212
[pos], 73049, 1603.29479980469, 1598.02062988281, -1.71337556838989
[pos], 73066, 1603.29479980469, 1598.02062988281, -1.94609236717224
[pos], 73083, 1603.29479980469, 1598.02062988281, -2.1475818157196
[pos], 73099, 1603.29479980469, 1598.02062988281, -2.36031818389893
[pos], 73116, 1603.29479980469, 1598.02062988281, -2.57444930076599
[pos], 73133, 1603.29479980469, 1598.02062988281, -2.75843358039856
[pos], 73149, 1603.29479980469, 1598.02062988281, -3.02651214599609
[pos], 73166, 1603.29479980469, 1598.02062988281, -3.2471776008606
[pos], 73183, 1603.29479980469, 1598.02062988281, -3.43911671638489
[pos], 73199, 1603.29479980469, 1598.02062988281, -3.63972640037537
[pos], 73216, 1603.29479980469, 1598.02062988281, -3.84572672843933
[pos], 73233, 1603.29479980469, 1598.02062988281, -4.07569169998169
[pos], 73249, 1603.29479980469, 1598.02062988281, -4.26303148269653
[pos], 73266, 1603.29479980469, 1598.02062988281, -4.48932647705078
[pos], 73283, 1603.29479980469, 1598.02062988281, -4.68969774246216
[pos], 73299, 1603.29479980469, 1598.02062988281, -4.92157220840454
[pos], 73316, 1603.29479980469, 1598.02062988281, -5.13601779937744
[pos], 73333, 1603.29479980469, 1598.02062988281, -5.30823993682861
[pos], 73349, 1603.29479980469, 1598.02062988281, -5.522057056427
[pos], 73366, 1603.29479980469, 1598.02062988281, -5.75264978408813
[pos], 73383, 1603.29479980469, 1598.02062988281, -5.9524302482605
[pos], 73399, 1603.29479980469, 1598.02062988281, -6.16343212127686
[pos], 73416, 1603.29479980469, 1598.02062988281, -6.28318977355957
[pos], 73433, 1603.29479980469, 1598.02062988281, -6.28318977355957
[pos], 73449, 1603.29479980469, 1598.02062988281, -6.28318977355957
[pos], 73466, 1603.29479980469, 1598.02062988281, -6.28318977355957
[pos], 73483, 1603.29479980469, 1598.02062988281, -6.28318977355957
[pos], 73499, 1603.29479980469, 1598.02062988281, -6.28318977355957
[pos], 73516, 1603.29479980469, 1598.02062988281, -6.28318977355957
[pos], 73533, 1603.29479980469, 1598.02062988281, -6.28318977355957
[pos], 73549, 1603.29479980469, 1598.02062988281, -6.28318977355957
[pos], 73566, 1603.29479980469, 1598.02062988281, -6.28318977355957
[pos], 73583, 1603.29479980469, 1598.02062988281, -6.28318977355957
[pos], 73599, 1603.29479980469, 1598.02062988281, -6.28318977355957
[pos], 73616, 1603.29479980469, 1598.02062988281, -6.28318977355957
[pos], 73633, 1603.29479980469, 1598.02062988281, -6.28318977355957
[pos], 73649, 1603.29479980469, 1598.02062988281, -6.28318977355957
[pos], 73666, 1603.29479980469, 1598.02062988281, -6.28318977355957
[pos], 73683, 1603.29479980469, 1598.02062988281, -6.28318977355957
[pos], 73699, 1603.29479980469, 1598.02062988281, -6.28318977355957
[pos], 73716, 1603.29479980469, 1598.02062988281, -6.28318977355957
[pos], 73733, 1603.29479980469, 1598.02062988281, -6.28318977355957
[pos], 73749, 1603.29479980469, 1598.02062988281, -6.28318977355957
[pos], 73766, 1603.29479980469, 1598.02062988281, -6.28318977355957
[pos], 73783, 1603.29479980469, 1598.02062988281, -6.28318977355957
[pos], 73799, 1603.29479980469, 1598.02062988281, -6.28318977355957
[pos], 73816, 1603.29479980469, 1598.02062988281, -6.28318977355957
[pos], 73833, 1603.29479980469, 1598.02062988281, -6.28318977355957
[pos], 73849, 768.0, 384.0, 0.0
[pos], 73866, 768.0, 384.0, 0.0
[pos], 73883, 783.728210449219, 384.0, 0.0
[pos], 73899, 783.728210449219, 384.0, 0.0
[pos], 73916, 797.812927246094, 384.0, 0.0
[pos], 73933, 805.431701660156, 384.0, 0.0
[pos], 73949, 813.115173339844, 384.0, 0.0
[pos], 73966, 820.876831054688, 384.0, 0.0
[pos], 73983, 828.872619628906, 384.0, 0.0
[pos], 73999, 836.8203125, 384.0, 0.0
[pos], 74016, 843.454406738281, 384.0, 0.0
[pos], 74033, 851.772216796875, 384.0, 0.0
[pos], 74049, 859.580749511719, 384.0, 0.0
[pos], 74066, 867.507873535156, 384.0, 0.0
[pos], 74083, 875.303100585938, 384.0, 0.0
[pos], 74099, 883.682800292969, 384.0, 0.0
[pos], 74116, 890.725524902344, 384.0, 0.0
[pos], 74133, 899.093505859375, 384.0, 0.0
[pos], 74149, 907.220031738281, 384.0, 0.0
[pos], 74166, 915.988098144531, 384.0, 0.0
[pos], 74183, 932.833923339844, 384.0, 0.0
[pos], 74199, 941.31640625, 384.0, 0.0
[pos], 74216, 950.03076171875, 384.0, 0.0
[pos], 74233, 958.623107910156, 384.0, 0.0
[pos], 74249, 967.332824707031, 384.0, 0.0
[pos], 74266, 974.927429199219, 384.0, 0.0
[pos], 74283, 984.248046875, 384.0, 0.0
[pos], 74299, 993.065185546875, 384.0, 0.0
[pos], 74316, 1002.06927490234, 384.0, 0.0
[pos], 74333, 1011.23083496094, 384.0, 0.0
[pos], 74349, 1020.16998291016, 384.0, 0.0
[pos], 74366, 1029.16076660156, 384.0, 0.0
[pos], 74383, 1029.16076660156, 384.0, 0.0
[pos], 74399, 1037.05627441406, 384.0, 0.0
[pos], 74416, 1054.8037109375, 384.0, 0.0
[pos], 74433, 1063.68579101563, 384.0, 0.0
[sad], 74433, attach, 0.48
[pos], 74449, 1072.41833496094, 384.0, 0.0
[pos], 74466, 1072.41833496094, 392.766204833984, 1.57079637050629
[pos], 74483, 1073.41577148438, 401.821563720703, 1.46108508110046
[pos], 74499, 1075.45983886719, 410.834808349609, 1.34778547286987
[pos], 74516, 1078.17065429688, 418.566864013672, 1.23358917236328
[pos], 74533, 1082.27172851563, 427.326080322266, 1.13291120529175
[pos], 74549, 1087.41442871094, 435.602722167969, 1.01482164859772
[pos], 74566, 1093.40454101563, 443.099853515625, 0.89667642116547
[pos], 74583, 1100.18200683594, 449.819549560547, 0.78111273050308
[pos], 74599, 1108.60571289063, 456.451324462891, 0.66693264245987
[pos], 74616, 1117.53308105469, 461.79833984375, 0.53964269161224
[pos], 74633, 1127.00939941406, 465.996612548828, 0.41704177856445
[pos], 74649, 1135.35534667969, 468.540283203125, 0.29583275318146
[pos], 74666, 1147.05554199219, 470.843872070313, 0.19439794123173
[pos], 74683, 1157.56323242188, 471.442138671875, 0.05687366425991
[pos], 74699, 1168.03698730469, 470.775787353516, -0.0635361969471
[pos], 74716, 1178.23303222656, 468.891448974609, -0.18274749815464
[pos], 74733, 1188.97180175781, 465.572967529297, -0.29970991611481
[pos], 74749, 1198.96166992188, 461.045196533203, -0.42554166913033
[pos], 74766, 1207.22021484375, 456.011322021484, -0.54740029573441
[pos], 74783, 1216.3056640625, 449.044403076172, -0.65418356657028
[pos], 74799, 1224.23022460938, 441.209838867188, -0.77968698740005
[pos], 74816, 1230.40710449219, 433.411224365234, -0.90092265605927
[pos], 74833, 1236.34582519531, 423.987457275391, -1.00847494602203
[pos], 74849, 1240.76416015625, 414.667907714844, -1.12809121608734
[pos], 74866, 1244.45788574219, 403.976898193359, -1.23813700675964
[pos], 74883, 1246.88757324219, 392.731567382813, -1.3580025434494
[pos], 74899, 1247.96533203125, 381.018798828125, -1.47903454303741
[pos], 74916, 1247.63549804688, 370.400756835938, -1.60185170173645
[pos], 74933, 1245.93664550781, 358.4541015625, -1.71204793453217
[pos], 74949, 1243.18591308594, 348.339385986328, -1.83632302284241
[pos], 74966, 1238.9951171875, 337.623291015625, -1.94358587265015
[pos], 74983, 1233.17626953125, 326.708129882813, -2.0605685710907
[pos], 74999, 1226.99963378906, 317.956481933594, -2.18538498878479
[pos], 75016, 1219.27807617188, 309.187866210938, -2.29278039932251
[pos], 75033, 1210.08728027344, 300.922637939453, -2.40916776657104
[pos], 75049, 1201.8154296875, 295.138977050781, -2.53140711784363
[pos], 75066, 1190.94189453125, 289.043273925781, -2.63064813613892
[pos], 75083, 1179.93823242188, 284.530670166016, -2.75240850448608
[pos], 75099, 1167.95654296875, 281.165344238281, -2.86777472496033
[pos], 75116, 1157.66577148438, 279.568572998047, -2.98765325546265
[pos], 75133, 1144.89624023438, 278.875793457031, -3.08739233016968
[pos], 75149, 1134.44177246094, 279.582244873047, -3.20906496047974
[pos], 75166, 1122.37036132813, 281.612091064453, -3.30818772315979
[pos], 75183, 1112.84765625, 284.367828369141, -3.42328357696533
[pos], 75199, 1101.67443847656, 288.758575439453, -3.5160231590271
[pos], 75216, 1091.04467773438, 294.375366210938, -3.62770128250122
[pos], 75233, 1080.74584960938, 301.379821777344, -3.73884987831116
[pos], 75249, 1071.85620117188, 309.046508789063, -3.85325908660889
[pos], 75266, 1063.69909667969, 317.768493652344, -3.96044301986694
[pos], 75283, 1057.44958496094, 326.100463867188, -4.06884574890137
[pos], 75299, 1051.08483886719, 336.494201660156, -4.16292572021484
[pos], 75316, 1046.72961425781, 345.745941162109, -4.2724142074585
[pos], 75333, 1042.73303222656, 356.744171142578, -4.36383676528931
[pos], 75349, 1039.84375, 368.327056884766, -4.46793508529663
[pos], 75366, 1038.15356445313, 380.422424316406, -4.57354593276978
[pos], 75383, 1037.78369140625, 392.192718505859, -4.68097448348999
[pos], 75399, 1038.59802246094, 403.544860839844, -4.78399610519409
[pos], 75416, 1040.58166503906, 415.053985595703, -4.8830623626709
[pos], 75433, 1043.70141601563, 426.247344970703, -4.98420572280884
[pos], 75449, 1047.18469238281, 435.176391601563, -5.08433246612549
[pos], 75466, 1052.40124511719, 445.860412597656, -5.16659498214722
[pos], 75483, 1058.3330078125, 455.410919189453, -5.26817607879639
[pos], 75499, 1065.61743164063, 464.965637207031, -5.36377382278442
[pos], 75516, 1073.29821777344, 473.160278320313, -5.46542930603027
[pos], 75533, 1082.0654296875, 480.899139404297, -5.56001091003418
[pos], 75549, 1091.59106445313, 487.774017333984, -5.65802669525146
[pos], 75566, 1101.98742675781, 493.825927734375, -5.75601673126221
[pos], 75583, 1110.95654296875, 497.910278320313, -5.85586595535278
[pos], 75599, 1122.31665039063, 502.003479003906, -5.9373517036438
[pos], 75616, 1134.28686523438, 505.014526367188, -6.03675174713135
[pos], 75633, 1146.61755371094, 506.819396972656, -6.13784551620483
[pos], 75649, 1158.11877441406, 507.323425292969, -6.23938941955566
[pos], 75666, 1170.20556640625, 506.723724365234, -6.33276033401489
[pos], 75683, 1182.23364257813, 504.939422607422, -6.43045711517334
[pos], 75699, 1194.29919433594, 501.923156738281, -6.52815437316895
[pos], 75716, 1204.04296875, 498.428070068359, -6.62759065628052
[pos], 75733, 1215.47424316406, 493.229034423828, -6.71003150939941
[pos], 75749, 1226.0107421875, 487.106201171875, -6.80960035324097
[pos], 75766, 1236.11584472656, 479.852600097656, -6.90576505661011
[pos], 75783, 1245.15014648438, 471.924499511719, -7.00345993041992
[pos], 75799, 1253.25744628906, 463.335357666016, -7.09743452072144
[pos], 75816, 1260.77709960938, 453.73779296875, -7.18938207626343
[pos], 75833, 1266.81127929688, 444.325592041016, -7.2838830947876
[lq], 75833
[gq], 0, menu
